status,size,buffer_size,buffer_level,total_played_utility,time_average_played_utility,total_played_bitrate,time_average_played_bitrate,total_play_time,total_play_time_chunks,total_rebuffer,rebuffer_ratio,time_average_rebuffer,total_rebuffer_events,time_average_rebuffer_events,total_bitrate_change,time_average_bitrate_change,total_log_bitrate_change,time_average_log_bitrate_change,time_average_score,total_reaction_time,estimate,qoe,download_time
missingTrace,886360,0.0,0.0,0.0,0.0,0.0,0.0,0.0,0.0,0.0,0.0,0.0,0.0,0.0,0.0,0.0,0.0,0.0,0.0,0.0,0.0,0.0,0.0
missingTrace,886360,0.0,0.0,0.0,0.0,0.0,0.0,0.0,0.0,0.0,0.0,0.0,0.0,0.0,0.0,0.0,0.0,0.0,0.0,0.0,0.0,0.0,0.0
missingTrace,886360,0.0,0.0,0.0,0.0,0.0,0.0,0.0,0.0,0.0,0.0,0.0,0.0,0.0,0.0,0.0,0.0,0.0,0.0,0.0,0.0,0.0,0.0
downloadedSegment,886360,25000.0,3000.0,0.0,0.0,0.0,0.0,13.924375,4.6414583333333335,0.0,0.0,0.0,0.0,0.0,0.0,0.0,0.0,0.0,0.0,0.0,0.0,0.17,13849.375
missingTrace,382840,0.0,0.0,0.0,0.0,0.0,0.0,0.0,0.0,0.0,0.0,0.0,0.0,0.0,0.0,0.0,0.0,0.0,0.0,0.0,0.0,0.0,0.0
downloadedSegment,382840,25000.0,3000.0,0.0,0.0,230.0,34.53237410071942,19.98125,6.660416666666666,3.056875,0.1529871754770096,0.458961526431029,1.0,0.1501407569596496,0.0,0.0,0.0,0.0,-0.7649358773850485,0.0,0.0,-4.154148342195809,5981.875
missingTrace,718856,0.0,0.0,0.0,0.0,0.0,0.0,0.0,0.0,0.0,0.0,0.0,0.0,0.0,0.0,0.0,0.0,0.0,0.0,0.0,0.0,0.0,0.0
missingTrace,718856,0.0,0.0,0.0,0.0,0.0,0.0,0.0,0.0,0.0,0.0,0.0,0.0,0.0,0.0,0.0,0.0,0.0,0.0,0.0,0.0,0.0,0.0
missingTrace,718856,0.0,0.0,0.0,0.0,0.0,0.0,0.0,0.0,0.0,0.0,0.0,0.0,0.0,0.0,0.0,0.0,0.0,0.0,0.0,0.0,0.0,0.0
downloadedSegment,718856,25000.0,3000.0,0.0,0.0,460.0,44.105838030898056,31.288375,10.429458333333333,11.364,0.3632019879587866,1.08960596387636,2.0,0.1917645131778176,0.0,0.0,0.0,0.0,-1.816009939793933,0.0,0.0,-4.6490618064038784,11232.125
missingTrace,815504,0.0,0.0,0.0,0.0,0.0,0.0,0.0,0.0,0.0,0.0,0.0,0.0,0.0,0.0,0.0,0.0,0.0,0.0,0.0,0.0,0.0,0.0
missingTrace,815504,0.0,0.0,0.0,0.0,0.0,0.0,0.0,0.0,0.0,0.0,0.0,0.0,0.0,0.0,0.0,0.0,0.0,0.0,0.0,0.0,0.0,0.0
downloadedSegment,815504,25000.0,3000.0,0.0,0.0,690.0,46.932789185052926,44.105625,14.701875,21.18125,0.4802391985149286,1.4407175955447855,3.0,0.204055605152404,0.0,0.0,0.0,0.0,-2.401195992574644,0.0,0.0,-4.939318438115018,12742.25
missingTrace,528072,0.0,0.0,0.0,0.0,0.0,0.0,0.0,0.0,0.0,0.0,0.0,0.0,0.0,0.0,0.0,0.0,0.0,0.0,0.0,0.0,0.0,0.0
missingTrace,528072,0.0,0.0,0.0,0.0,0.0,0.0,0.0,0.0,0.0,0.0,0.0,0.0,0.0,0.0,0.0,0.0,0.0,0.0,0.0,0.0,0.0,0.0
downloadedSegment,528072,25000.0,3000.0,0.0,0.0,920.0,52.63986038993548,52.43175,17.47725,26.507375,0.5055596084433573,1.5166788253300718,4.0,0.2288689582171107,0.0,0.0,0.0,0.0,-2.5277980422167863,0.0,0.0,-5.14268826714044,8251.125
missingTrace,659648,0.0,0.0,0.0,0.0,0.0,0.0,0.0,0.0,0.0,0.0,0.0,0.0,0.0,0.0,0.0,0.0,0.0,0.0,0.0,0.0,0.0,0.0
missingTrace,659648,0.0,0.0,0.0,0.0,0.0,0.0,0.0,0.0,0.0,0.0,0.0,0.0,0.0,0.0,0.0,0.0,0.0,0.0,0.0,0.0,0.0,0.0
downloadedSegment,659648,25000.0,3000.0,0.0,0.0,1150.0,54.92428011382859,62.81375,20.937916666666663,33.889375,0.5395216015601679,1.618564804680504,5.0,0.2388012178862112,0.0,0.0,0.0,0.0,-2.69760800780084,0.0,0.0,-5.301810472863162,10307.0
missingTrace,687488,0.0,0.0,0.0,0.0,0.0,0.0,0.0,0.0,0.0,0.0,0.0,0.0,0.0,0.0,0.0,0.0,0.0,0.0,0.0,0.0,0.0,0.0
missingTrace,687488,0.0,0.0,0.0,0.0,0.0,0.0,0.0,0.0,0.0,0.0,0.0,0.0,0.0,0.0,0.0,0.0,0.0,0.0,0.0,0.0,0.0,0.0
downloadedSegment,687488,25000.0,3000.0,0.0,0.0,1380.0,56.22650862581191,73.63075,24.54358333333333,41.706375,0.5664260516156633,1.69927815484699,6.0,0.2444630809817909,0.0,0.0,0.0,0.0,-2.8321302580783168,0.0,0.0,-5.43205176590549,10742.0
missingTrace,1050328,0.0,0.0,0.0,0.0,0.0,0.0,0.0,0.0,0.0,0.0,0.0,0.0,0.0,0.0,0.0,0.0,0.0,0.0,0.0,0.0,0.0,0.0
missingTrace,1050328,0.0,0.0,0.0,0.0,0.0,0.0,0.0,0.0,0.0,0.0,0.0,0.0,0.0,0.0,0.0,0.0,0.0,0.0,0.0,0.0,0.0,0.0
missingTrace,1050328,0.0,0.0,0.0,0.0,0.0,0.0,0.0,0.0,0.0,0.0,0.0,0.0,0.0,0.0,0.0,0.0,0.0,0.0,0.0,0.0,0.0,0.0
missingTrace,1050328,0.0,0.0,0.0,0.0,0.0,0.0,0.0,0.0,0.0,0.0,0.0,0.0,0.0,0.0,0.0,0.0,0.0,0.0,0.0,0.0,0.0,0.0
downloadedSegment,1050328,25000.0,3000.0,0.0,0.0,1610.0,53.59691623539921,90.117125,30.039041666666662,55.19275,0.6124557346897163,1.8373672040691489,7.0,0.2330300705886922,0.0,0.0,0.0,0.0,-3.0622786734485814,0.0,0.0,-5.544555677244688,16411.375
missingTrace,759456,0.0,0.0,0.0,0.0,0.0,0.0,0.0,0.0,0.0,0.0,0.0,0.0,0.0,0.0,0.0,0.0,0.0,0.0,0.0,0.0,0.0,0.0
missingTrace,759456,0.0,0.0,0.0,0.0,0.0,0.0,0.0,0.0,0.0,0.0,0.0,0.0,0.0,0.0,0.0,0.0,0.0,0.0,0.0,0.0,0.0,0.0
downloadedSegment,759456,25000.0,3000.0,0.0,0.0,1840.0,54.08656054302122,102.058625,34.01954166666667,64.13425,0.6284059774467861,1.885217932340358,8.0,0.2351589588827009,0.0,0.0,0.0,0.0,-3.1420298872339303,0.0,0.0,-5.639866871776906,11866.5
missingTrace,430176,0.0,0.0,0.0,0.0,0.0,0.0,0.0,0.0,0.0,0.0,0.0,0.0,0.0,0.0,0.0,0.0,0.0,0.0,0.0,0.0,0.0,0.0
downloadedSegment,430176,25000.0,3000.0,0.0,0.0,2070.0,57.04830158433055,108.855125,36.285041666666665,67.93075,0.6240473289613144,1.8721419868839435,9.0,0.2480360938449154,0.0,0.0,0.0,0.0,-3.120236644806572,0.0,0.0,-5.722170496698739,6721.5
missingTrace,693544,0.0,0.0,0.0,0.0,0.0,0.0,0.0,0.0,0.0,0.0,0.0,0.0,0.0,0.0,0.0,0.0,0.0,0.0,0.0,0.0,0.0,0.0
missingTrace,693544,0.0,0.0,0.0,0.0,0.0,0.0,0.0,0.0,0.0,0.0,0.0,0.0,0.0,0.0,0.0,0.0,0.0,0.0,0.0,0.0,0.0,0.0
downloadedSegment,693544,25000.0,3000.0,0.0,0.0,2300.0,57.61198329252485,119.76675,39.92225,75.842375,0.6332506726616528,1.8997520179849583,10.0,0.2504868838805428,0.0,0.0,0.0,0.0,-3.166253363308264,0.0,0.0,-5.797368886221886,10836.625
missingTrace,860408,0.0,0.0,0.0,0.0,0.0,0.0,0.0,0.0,0.0,0.0,0.0,0.0,0.0,0.0,0.0,0.0,0.0,0.0,0.0,0.0,0.0,0.0
missingTrace,860408,0.0,0.0,0.0,0.0,0.0,0.0,0.0,0.0,0.0,0.0,0.0,0.0,0.0,0.0,0.0,0.0,0.0,0.0,0.0,0.0,0.0,0.0
missingTrace,860408,0.0,0.0,0.0,0.0,0.0,0.0,0.0,0.0,0.0,0.0,0.0,0.0,0.0,0.0,0.0,0.0,0.0,0.0,0.0,0.0,0.0,0.0
downloadedSegment,860408,25000.0,3000.0,0.0,0.0,2530.0,56.945375767266725,133.285625,44.42854166666667,86.36125,0.6479412164665169,1.9438236493995509,11.0,0.247588590292464,0.0,0.0,0.0,0.0,-3.2397060823325847,0.0,0.0,-5.866211630775925,13443.875
missingTrace,603664,0.0,0.0,0.0,0.0,0.0,0.0,0.0,0.0,0.0,0.0,0.0,0.0,0.0,0.0,0.0,0.0,0.0,0.0,0.0,0.0,0.0,0.0
missingTrace,603664,0.0,0.0,0.0,0.0,0.0,0.0,0.0,0.0,0.0,0.0,0.0,0.0,0.0,0.0,0.0,0.0,0.0,0.0,0.0,0.0,0.0,0.0
downloadedSegment,603664,25000.0,3000.0,0.0,0.0,2760.0,57.98608649065999,142.792875,47.597625,92.8685,0.6503720861422533,1.95111625842676,12.0,0.2521134195246086,0.0,0.0,0.0,0.0,-3.251860430711266,0.0,0.0,-5.927830015780081,9432.25
missingTrace,692384,0.0,0.0,0.0,0.0,0.0,0.0,0.0,0.0,0.0,0.0,0.0,0.0,0.0,0.0,0.0,0.0,0.0,0.0,0.0,0.0,0.0,0.0
missingTrace,692384,0.0,0.0,0.0,0.0,0.0,0.0,0.0,0.0,0.0,0.0,0.0,0.0,0.0,0.0,0.0,0.0,0.0,0.0,0.0,0.0,0.0,0.0
downloadedSegment,692384,25000.0,3000.0,0.0,0.0,2990.0,58.365616340420544,153.686375,51.228791666666666,100.762,0.6556339167997163,1.9669017503991488,13.0,0.2537635493061763,0.0,0.0,0.0,0.0,-3.2781695839985816,0.0,0.0,-5.984952580793854,10818.5
missingTrace,478456,0.0,0.0,0.0,0.0,0.0,0.0,0.0,0.0,0.0,0.0,0.0,0.0,0.0,0.0,0.0,0.0,0.0,0.0,0.0,0.0,0.0,0.0
missingTrace,478456,0.0,0.0,0.0,0.0,0.0,0.0,0.0,0.0,0.0,0.0,0.0,0.0,0.0,0.0,0.0,0.0,0.0,0.0,0.0,0.0,0.0,0.0
downloadedSegment,478456,25000.0,3000.0,0.0,0.0,3220.0,59.91171394947507,161.23725,53.74575,105.312875,0.6531547455690295,1.9594642367070885,14.0,0.2604857128238046,0.0,0.0,0.0,0.0,-3.265773727845147,0.0,0.0,-6.036982450709246,7475.875
missingTrace,549680,0.0,0.0,0.0,0.0,0.0,0.0,0.0,0.0,0.0,0.0,0.0,0.0,0.0,0.0,0.0,0.0,0.0,0.0,0.0,0.0,0.0,0.0
downloadedSegment,549680,25000.0,3000.0,0.0,0.0,3450.0,60.91782861784216,169.901,56.63366666666667,110.976625,0.653184060129134,1.959552180387402,15.0,0.2648601244254007,0.0,0.0,0.0,0.0,-3.26592030064567,0.0,0.0,-6.085779594312512,8588.75
missingTrace,710504,0.0,0.0,0.0,0.0,0.0,0.0,0.0,0.0,0.0,0.0,0.0,0.0,0.0,0.0,0.0,0.0,0.0,0.0,0.0,0.0,0.0,0.0
missingTrace,710504,0.0,0.0,0.0,0.0,0.0,0.0,0.0,0.0,0.0,0.0,0.0,0.0,0.0,0.0,0.0,0.0,0.0,0.0,0.0,0.0,0.0,0.0
missingTrace,710504,0.0,0.0,0.0,0.0,0.0,0.0,0.0,0.0,0.0,0.0,0.0,0.0,0.0,0.0,0.0,0.0,0.0,0.0,0.0,0.0,0.0,0.0
downloadedSegment,710504,25000.0,3000.0,0.0,0.0,3680.0,60.96832780968935,181.077625,60.359208333333335,119.15325,0.6580230439845894,1.974069131953768,16.0,0.2650796861290841,0.0,0.0,0.0,0.0,-3.290115219922947,0.0,0.0,-6.132088106028852,11101.625
missingTrace,650536,0.0,0.0,0.0,0.0,0.0,0.0,0.0,0.0,0.0,0.0,0.0,0.0,0.0,0.0,0.0,0.0,0.0,0.0,0.0,0.0,0.0,0.0
missingTrace,650536,0.0,0.0,0.0,0.0,0.0,0.0,0.0,0.0,0.0,0.0,0.0,0.0,0.0,0.0,0.0,0.0,0.0,0.0,0.0,0.0,0.0,0.0
downloadedSegment,650536,25000.0,3000.0,0.0,0.0,3910.0,61.3117740297856,191.31725,63.772416666666665,126.392875,0.66064547237638,1.9819364171291405,17.0,0.2665729305642852,0.0,0.0,0.0,0.0,-3.3032273618819,0.0,0.0,-6.175359340082973,10164.625
missingTrace,680424,0.0,0.0,0.0,0.0,0.0,0.0,0.0,0.0,0.0,0.0,0.0,0.0,0.0,0.0,0.0,0.0,0.0,0.0,0.0,0.0,0.0,0.0
missingTrace,680424,0.0,0.0,0.0,0.0,0.0,0.0,0.0,0.0,0.0,0.0,0.0,0.0,0.0,0.0,0.0,0.0,0.0,0.0,0.0,0.0,0.0,0.0
downloadedSegment,680424,25000.0,3000.0,0.0,0.0,4140.0,61.47788225525325,202.023875,67.34129166666666,134.0995,0.6637804566415727,1.9913413699247184,18.0,0.2672951402402315,0.0,0.0,0.0,0.0,-3.318902283207864,0.0,0.0,-6.216269600425253,10631.625
missingTrace,718512,0.0,0.0,0.0,0.0,0.0,0.0,0.0,0.0,0.0,0.0,0.0,0.0,0.0,0.0,0.0,0.0,0.0,0.0,0.0,0.0,0.0,0.0
missingTrace,718512,0.0,0.0,0.0,0.0,0.0,0.0,0.0,0.0,0.0,0.0,0.0,0.0,0.0,0.0,0.0,0.0,0.0,0.0,0.0,0.0,0.0,0.0
downloadedSegment,718512,25000.0,3000.0,0.0,0.0,4370.0,61.45534555447804,213.325625,71.10854166666667,142.40125,0.6675299791105733,2.00258993733172,19.0,0.2671971545846871,0.0,0.0,0.0,0.0,-3.337649895552867,0.0,0.0,-6.255092639252273,11226.75
missingTrace,642144,0.0,0.0,0.0,0.0,0.0,0.0,0.0,0.0,0.0,0.0,0.0,0.0,0.0,0.0,0.0,0.0,0.0,0.0,0.0,0.0,0.0,0.0
missingTrace,642144,0.0,0.0,0.0,0.0,0.0,0.0,0.0,0.0,0.0,0.0,0.0,0.0,0.0,0.0,0.0,0.0,0.0,0.0,0.0,0.0,0.0,0.0
downloadedSegment,642144,25000.0,3000.0,0.0,0.0,4600.0,61.76317068845236,223.434125,74.47804166666667,149.50975,0.6691446528143362,2.0074339584430088,20.0,0.2685355247324015,0.0,0.0,0.0,0.0,-3.345723264071681,0.0,0.0,-6.291673601757448,10033.5
missingTrace,680040,0.0,0.0,0.0,0.0,0.0,0.0,0.0,0.0,0.0,0.0,0.0,0.0,0.0,0.0,0.0,0.0,0.0,0.0,0.0,0.0,0.0,0.0
missingTrace,680040,0.0,0.0,0.0,0.0,0.0,0.0,0.0,0.0,0.0,0.0,0.0,0.0,0.0,0.0,0.0,0.0,0.0,0.0,0.0,0.0,0.0,0.0
downloadedSegment,680040,25000.0,3000.0,0.0,0.0,4830.0,61.88743875054857,234.13475,78.04491666666667,157.210375,0.6714525502942216,2.014357650882665,21.0,0.269075820654559,0.0,0.0,0.0,0.0,-3.357262751471108,0.0,0.0,-6.326594741990856,10625.625
missingTrace,680040,0.0,0.0,0.0,0.0,0.0,0.0,0.0,0.0,0.0,0.0,0.0,0.0,0.0,0.0,0.0,0.0,0.0,0.0,0.0,0.0,0.0,0.0
missingTrace,680040,0.0,0.0,0.0,0.0,0.0,0.0,0.0,0.0,0.0,0.0,0.0,0.0,0.0,0.0,0.0,0.0,0.0,0.0,0.0,0.0,0.0,0.0
downloadedSegment,680040,25000.0,3000.0,0.0,0.0,5060.0,62.00084444496634,244.835375,81.61179166666666,164.911,0.6735587126656023,2.0206761379968072,22.0,0.269568888891158,0.0,0.0,0.0,0.0,-3.367793563328012,0.0,0.0,-6.359892017709487,10625.625
missingTrace,680040,0.0,0.0,0.0,0.0,0.0,0.0,0.0,0.0,0.0,0.0,0.0,0.0,0.0,0.0,0.0,0.0,0.0,0.0,0.0,0.0,0.0,0.0
missingTrace,680040,0.0,0.0,0.0,0.0,0.0,0.0,0.0,0.0,0.0,0.0,0.0,0.0,0.0,0.0,0.0,0.0,0.0,0.0,0.0,0.0,0.0,0.0
missingTrace,680040,0.0,0.0,0.0,0.0,0.0,0.0,0.0,0.0,0.0,0.0,0.0,0.0,0.0,0.0,0.0,0.0,0.0,0.0,0.0,0.0,0.0,0.0
downloadedSegment,680040,25000.0,3000.0,0.0,0.0,5290.0,62.10475236365912,255.536,85.17866666666667,172.611625,0.675488483031745,2.026465449095235,23.0,0.2700206624506918,0.0,0.0,0.0,0.0,-3.377442415158725,0.0,0.0,-6.391710032078199,10625.625
missingTrace,692904,0.0,0.0,0.0,0.0,0.0,0.0,0.0,0.0,0.0,0.0,0.0,0.0,0.0,0.0,0.0,0.0,0.0,0.0,0.0,0.0,0.0,0.0
missingTrace,692904,0.0,0.0,0.0,0.0,0.0,0.0,0.0,0.0,0.0,0.0,0.0,0.0,0.0,0.0,0.0,0.0,0.0,0.0,0.0,0.0,0.0,0.0
downloadedSegment,692904,25000.0,3000.0,0.0,0.0,5520.0,62.15338392991605,266.437625,88.81254166666666,180.51325,0.6775066021550072,2.0325198064650216,24.0,0.2702321040431132,0.0,0.0,0.0,0.0,-3.387533010775036,0.0,0.0,-6.4222095391180805,10826.625
missingTrace,667176,0.0,0.0,0.0,0.0,0.0,0.0,0.0,0.0,0.0,0.0,0.0,0.0,0.0,0.0,0.0,0.0,0.0,0.0,0.0,0.0,0.0,0.0
missingTrace,667176,0.0,0.0,0.0,0.0,0.0,0.0,0.0,0.0,0.0,0.0,0.0,0.0,0.0,0.0,0.0,0.0,0.0,0.0,0.0,0.0,0.0,0.0
downloadedSegment,667176,25000.0,3000.0,0.0,0.0,5750.0,62.2884787077217,276.93725,92.31241666666666,188.012875,0.678900635432756,2.0367019062982683,25.0,0.2708194726422682,0.0,0.0,0.0,0.0,-3.39450317716378,0.0,0.0,-6.451395984610848,10424.625
missingTrace,680040,0.0,0.0,0.0,0.0,0.0,0.0,0.0,0.0,0.0,0.0,0.0,0.0,0.0,0.0,0.0,0.0,0.0,0.0,0.0,0.0,0.0,0.0
missingTrace,680040,0.0,0.0,0.0,0.0,0.0,0.0,0.0,0.0,0.0,0.0,0.0,0.0,0.0,0.0,0.0,0.0,0.0,0.0,0.0,0.0,0.0,0.0
downloadedSegment,680040,25000.0,3000.0,0.0,0.0,5980.0,62.37008947448246,287.637875,95.87929166666666,195.7135,0.6804163047025709,2.041248914107713,26.0,0.2711743020629672,0.0,0.0,0.0,0.0,-3.4020815235128548,0.0,0.0,-6.479473366280731,10625.625
missingTrace,680040,0.0,0.0,0.0,0.0,0.0,0.0,0.0,0.0,0.0,0.0,0.0,0.0,0.0,0.0,0.0,0.0,0.0,0.0,0.0,0.0,0.0,0.0
missingTrace,680040,0.0,0.0,0.0,0.0,0.0,0.0,0.0,0.0,0.0,0.0,0.0,0.0,0.0,0.0,0.0,0.0,0.0,0.0,0.0,0.0,0.0,0.0
downloadedSegment,680040,25000.0,3000.0,0.0,0.0,6210.0,62.44584590993117,298.3385,99.44616666666668,203.414125,0.6818232477538099,2.04546974326143,27.0,0.271503677869266,0.0,0.0,0.0,0.0,-3.409116238769049,0.0,0.0,-6.506492260044244,10625.625
missingTrace,680040,0.0,0.0,0.0,0.0,0.0,0.0,0.0,0.0,0.0,0.0,0.0,0.0,0.0,0.0,0.0,0.0,0.0,0.0,0.0,0.0,0.0,0.0
missingTrace,680040,0.0,0.0,0.0,0.0,0.0,0.0,0.0,0.0,0.0,0.0,0.0,0.0,0.0,0.0,0.0,0.0,0.0,0.0,0.0,0.0,0.0,0.0
downloadedSegment,680040,25000.0,3000.0,0.0,0.0,6440.0,62.51635614099024,309.039125,103.01304166666668,211.11475,0.6831327586757826,2.049398276027348,28.0,0.2718102440912619,0.0,0.0,0.0,0.0,-3.4156637933789127,0.0,0.0,-6.5325297143092005,10625.625
missingTrace,706808,0.0,0.0,0.0,0.0,0.0,0.0,0.0,0.0,0.0,0.0,0.0,0.0,0.0,0.0,0.0,0.0,0.0,0.0,0.0,0.0,0.0,0.0
missingTrace,706808,0.0,0.0,0.0,0.0,0.0,0.0,0.0,0.0,0.0,0.0,0.0,0.0,0.0,0.0,0.0,0.0,0.0,0.0,0.0,0.0,0.0,0.0
missingTrace,706808,0.0,0.0,0.0,0.0,0.0,0.0,0.0,0.0,0.0,0.0,0.0,0.0,0.0,0.0,0.0,0.0,0.0,0.0,0.0,0.0,0.0,0.0
downloadedSegment,706808,25000.0,3000.0,0.0,0.0,6670.0,62.50039043222409,320.158,106.71933333333334,219.233625,0.6847669744313745,2.0543009232941234,29.0,0.2717408279661917,0.0,0.0,0.0,0.0,-3.4238348721568723,0.0,0.0,-6.557715542139538,11043.875
missingTrace,653272,0.0,0.0,0.0,0.0,0.0,0.0,0.0,0.0,0.0,0.0,0.0,0.0,0.0,0.0,0.0,0.0,0.0,0.0,0.0,0.0,0.0,0.0
missingTrace,653272,0.0,0.0,0.0,0.0,0.0,0.0,0.0,0.0,0.0,0.0,0.0,0.0,0.0,0.0,0.0,0.0,0.0,0.0,0.0,0.0,0.0,0.0
downloadedSegment,653272,25000.0,3000.0,0.0,0.0,6900.0,62.64367663909109,330.440375,110.14679166666669,226.516,0.6854973457768289,2.0564920373304867,30.0,0.2723638114743091,0.0,0.0,0.0,0.0,-3.427486728884144,0.0,0.0,-6.58192736255447,10207.375
missingTrace,680040,0.0,0.0,0.0,0.0,0.0,0.0,0.0,0.0,0.0,0.0,0.0,0.0,0.0,0.0,0.0,0.0,0.0,0.0,0.0,0.0,0.0,0.0
missingTrace,680040,0.0,0.0,0.0,0.0,0.0,0.0,0.0,0.0,0.0,0.0,0.0,0.0,0.0,0.0,0.0,0.0,0.0,0.0,0.0,0.0,0.0,0.0
downloadedSegment,680040,25000.0,3000.0,0.0,0.0,7130.0,62.70134636411338,341.141,113.71366666666668,234.216625,0.6865683837474827,2.059705151242448,31.0,0.2726145494091886,0.0,0.0,0.0,0.0,-3.432841918737413,0.0,0.0,-6.60540696592989,10625.625
missingTrace,680040,0.0,0.0,0.0,0.0,0.0,0.0,0.0,0.0,0.0,0.0,0.0,0.0,0.0,0.0,0.0,0.0,0.0,0.0,0.0,0.0,0.0,0.0
missingTrace,680040,0.0,0.0,0.0,0.0,0.0,0.0,0.0,0.0,0.0,0.0,0.0,0.0,0.0,0.0,0.0,0.0,0.0,0.0,0.0,0.0,0.0,0.0
downloadedSegment,680040,25000.0,3000.0,0.0,0.0,7360.0,62.755508248917394,351.841625,117.28054166666666,241.91725,0.6875742743627904,2.062722823088371,32.0,0.2728500358648582,0.0,0.0,0.0,0.0,-3.437871371813952,0.0,0.0,-6.62814223963908,10625.625
missingTrace,695288,0.0,0.0,0.0,0.0,0.0,0.0,0.0,0.0,0.0,0.0,0.0,0.0,0.0,0.0,0.0,0.0,0.0,0.0,0.0,0.0,0.0,0.0
missingTrace,695288,0.0,0.0,0.0,0.0,0.0,0.0,0.0,0.0,0.0,0.0,0.0,0.0,0.0,0.0,0.0,0.0,0.0,0.0,0.0,0.0,0.0,0.0
downloadedSegment,695288,25000.0,3000.0,0.0,0.0,7590.0,62.76522580458431,362.7805,120.92683333333332,249.856125,0.6887253449399844,2.0661760348199527,33.0,0.2728922861068883,0.0,0.0,0.0,0.0,-3.443626724699921,0.0,0.0,-6.65020985613523,10863.875
missingTrace,664792,0.0,0.0,0.0,0.0,0.0,0.0,0.0,0.0,0.0,0.0,0.0,0.0,0.0,0.0,0.0,0.0,0.0,0.0,0.0,0.0,0.0,0.0
missingTrace,664792,0.0,0.0,0.0,0.0,0.0,0.0,0.0,0.0,0.0,0.0,0.0,0.0,0.0,0.0,0.0,0.0,0.0,0.0,0.0,0.0,0.0,0.0
downloadedSegment,664792,25000.0,3000.0,0.0,0.0,7820.0,62.85451530722455,373.242875,124.41429166666668,257.3185,0.6894130263035831,2.068239078910749,34.0,0.2732805013357589,0.0,0.0,0.0,0.0,-3.4470651315179155,0.0,0.0,-6.671558271464997,10387.375
missingTrace,680040,0.0,0.0,0.0,0.0,0.0,0.0,0.0,0.0,0.0,0.0,0.0,0.0,0.0,0.0,0.0,0.0,0.0,0.0,0.0,0.0,0.0,0.0
missingTrace,680040,0.0,0.0,0.0,0.0,0.0,0.0,0.0,0.0,0.0,0.0,0.0,0.0,0.0,0.0,0.0,0.0,0.0,0.0,0.0,0.0,0.0,0.0
downloadedSegment,680040,25000.0,3000.0,0.0,0.0,8050.0,62.89987980002266,383.9435,127.98116666666668,265.019125,0.6902555323895313,2.0707665971685936,35.0,0.2734777382609681,0.0,0.0,0.0,0.0,-3.4512776619476564,0.0,0.0,-6.692319544980933,10625.625
missingTrace,680040,0.0,0.0,0.0,0.0,0.0,0.0,0.0,0.0,0.0,0.0,0.0,0.0,0.0,0.0,0.0,0.0,0.0,0.0,0.0,0.0,0.0,0.0
missingTrace,680040,0.0,0.0,0.0,0.0,0.0,0.0,0.0,0.0,0.0,0.0,0.0,0.0,0.0,0.0,0.0,0.0,0.0,0.0,0.0,0.0,0.0,0.0
downloadedSegment,680040,25000.0,3000.0,0.0,0.0,8280.0,62.942784210964746,394.644125,131.54804166666668,272.71975,0.6910523500128122,2.073157050038436,36.0,0.2736642791781076,0.0,0.0,0.0,0.0,-3.4552617500640608,0.0,0.0,-6.712496954983347,10625.625
missingTrace,680040,0.0,0.0,0.0,0.0,0.0,0.0,0.0,0.0,0.0,0.0,0.0,0.0,0.0,0.0,0.0,0.0,0.0,0.0,0.0,0.0,0.0,0.0
missingTrace,680040,0.0,0.0,0.0,0.0,0.0,0.0,0.0,0.0,0.0,0.0,0.0,0.0,0.0,0.0,0.0,0.0,0.0,0.0,0.0,0.0,0.0,0.0
missingTrace,680040,0.0,0.0,0.0,0.0,0.0,0.0,0.0,0.0,0.0,0.0,0.0,0.0,0.0,0.0,0.0,0.0,0.0,0.0,0.0,0.0,0.0,0.0
downloadedSegment,680040,25000.0,3000.0,0.0,0.0,8510.0,62.98342336985986,405.34475,135.11491666666666,280.420375,0.6918070975385767,2.0754212926157303,37.0,0.2738409711733037,0.0,0.0,0.0,0.0,-3.4590354876928844,0.0,0.0,-6.732122493135175,10625.625
missingTrace,682080,0.0,0.0,0.0,0.0,0.0,0.0,0.0,0.0,0.0,0.0,0.0,0.0,0.0,0.0,0.0,0.0,0.0,0.0,0.0,0.0,0.0,0.0
missingTrace,682080,0.0,0.0,0.0,0.0,0.0,0.0,0.0,0.0,0.0,0.0,0.0,0.0,0.0,0.0,0.0,0.0,0.0,0.0,0.0,0.0,0.0,0.0
downloadedSegment,682080,25000.0,3000.0,0.0,0.0,8740.0,63.017144051975926,416.07725,138.69241666666667,288.152875,0.6925465763869569,2.077639729160871,38.0,0.2739875828346779,0.0,0.0,0.0,0.0,-3.462732881934785,0.0,0.0,-6.751229215717846,10657.5
missingTrace,737728,0.0,0.0,0.0,0.0,0.0,0.0,0.0,0.0,0.0,0.0,0.0,0.0,0.0,0.0,0.0,0.0,0.0,0.0,0.0,0.0,0.0,0.0
missingTrace,737728,0.0,0.0,0.0,0.0,0.0,0.0,0.0,0.0,0.0,0.0,0.0,0.0,0.0,0.0,0.0,0.0,0.0,0.0,0.0,0.0,0.0,0.0
downloadedSegment,737728,25000.0,3000.0,0.0,0.0,8970.0,62.92098576211027,427.67925,142.55975,296.754875,0.6938725107659537,2.081617532297861,39.0,0.2735695033135229,0.0,0.0,0.0,0.0,-3.469362553829768,0.0,0.0,-6.76993674516785,11527.0
missingTrace,623576,0.0,0.0,0.0,0.0,0.0,0.0,0.0,0.0,0.0,0.0,0.0,0.0,0.0,0.0,0.0,0.0,0.0,0.0,0.0,0.0,0.0,0.0
missingTrace,623576,0.0,0.0,0.0,0.0,0.0,0.0,0.0,0.0,0.0,0.0,0.0,0.0,0.0,0.0,0.0,0.0,0.0,0.0,0.0,0.0,0.0,0.0
downloadedSegment,623576,25000.0,3000.0,0.0,0.0,9200.0,63.08605675287952,437.497625,145.83254166666666,303.57325,0.6938854810926116,2.0816564432778346,40.0,0.2742872032733892,0.0,0.0,0.0,0.0,-3.4694274054630583,0.0,0.0,-6.787974558204419,9743.375
missingTrace,683456,0.0,0.0,0.0,0.0,0.0,0.0,0.0,0.0,0.0,0.0,0.0,0.0,0.0,0.0,0.0,0.0,0.0,0.0,0.0,0.0,0.0,0.0
missingTrace,683456,0.0,0.0,0.0,0.0,0.0,0.0,0.0,0.0,0.0,0.0,0.0,0.0,0.0,0.0,0.0,0.0,0.0,0.0,0.0,0.0,0.0,0.0
downloadedSegment,683456,25000.0,3000.0,0.0,0.0,9430.0,63.11187382756282,448.251625,149.41720833333332,311.32725,0.694536801734963,2.0836104052048894,41.0,0.2743994514241861,0.0,0.0,0.0,0.0,-3.472684008674815,0.0,0.0,-6.805670605766917,10679.0
missingTrace,742584,0.0,0.0,0.0,0.0,0.0,0.0,0.0,0.0,0.0,0.0,0.0,0.0,0.0,0.0,0.0,0.0,0.0,0.0,0.0,0.0,0.0,0.0
missingTrace,742584,0.0,0.0,0.0,0.0,0.0,0.0,0.0,0.0,0.0,0.0,0.0,0.0,0.0,0.0,0.0,0.0,0.0,0.0,0.0,0.0,0.0,0.0
downloadedSegment,742584,25000.0,3000.0,0.0,0.0,9660.0,63.00965691480977,459.9295,153.30983333333333,320.005125,0.6957699495248728,2.0873098485746184,42.0,0.2739550300643903,0.0,0.0,0.0,0.0,-3.478849747624364,0.0,0.0,-6.823036336307911,11602.875
missingTrace,635224,0.0,0.0,0.0,0.0,0.0,0.0,0.0,0.0,0.0,0.0,0.0,0.0,0.0,0.0,0.0,0.0,0.0,0.0,0.0,0.0,0.0,0.0
missingTrace,635224,0.0,0.0,0.0,0.0,0.0,0.0,0.0,0.0,0.0,0.0,0.0,0.0,0.0,0.0,0.0,0.0,0.0,0.0,0.0,0.0,0.0,0.0
downloadedSegment,635224,25000.0,3000.0,0.0,0.0,9890.0,63.13707976110265,469.929875,156.64329166666667,327.0055,0.6958602068021319,2.087580620406396,43.0,0.2745090424395767,0.0,0.0,0.0,0.0,-3.47930103401066,0.0,0.0,-6.839820981274153,9925.375
missingTrace,703264,0.0,0.0,0.0,0.0,0.0,0.0,0.0,0.0,0.0,0.0,0.0,0.0,0.0,0.0,0.0,0.0,0.0,0.0,0.0,0.0,0.0,0.0
missingTrace,703264,0.0,0.0,0.0,0.0,0.0,0.0,0.0,0.0,0.0,0.0,0.0,0.0,0.0,0.0,0.0,0.0,0.0,0.0,0.0,0.0,0.0,0.0
missingTrace,703264,0.0,0.0,0.0,0.0,0.0,0.0,0.0,0.0,0.0,0.0,0.0,0.0,0.0,0.0,0.0,0.0,0.0,0.0,0.0,0.0,0.0,0.0
downloadedSegment,703264,25000.0,3000.0,0.0,0.0,10120.0,63.11937248615951,480.993375,160.331125,335.069,0.6966187424099136,2.0898562272297414,44.0,0.27443205428765,0.0,0.0,0.0,0.0,-3.4830937120495693,0.0,0.0,-6.856328364530849,10988.5
missingTrace,642896,0.0,0.0,0.0,0.0,0.0,0.0,0.0,0.0,0.0,0.0,0.0,0.0,0.0,0.0,0.0,0.0,0.0,0.0,0.0,0.0,0.0,0.0
missingTrace,642896,0.0,0.0,0.0,0.0,0.0,0.0,0.0,0.0,0.0,0.0,0.0,0.0,0.0,0.0,0.0,0.0,0.0,0.0,0.0,0.0,0.0,0.0
downloadedSegment,642896,25000.0,3000.0,0.0,0.0,10350.0,63.22365827256371,491.113625,163.70454166666667,342.18925,0.6967618746069202,2.090285623820761,45.0,0.274885470750277,0.0,0.0,0.0,0.0,-3.483809373034601,0.0,0.0,-6.872372881193522,10045.25
missingTrace,737872,0.0,0.0,0.0,0.0,0.0,0.0,0.0,0.0,0.0,0.0,0.0,0.0,0.0,0.0,0.0,0.0,0.0,0.0,0.0,0.0,0.0,0.0
missingTrace,737872,0.0,0.0,0.0,0.0,0.0,0.0,0.0,0.0,0.0,0.0,0.0,0.0,0.0,0.0,0.0,0.0,0.0,0.0,0.0,0.0,0.0,0.0
downloadedSegment,737872,25000.0,3000.0,0.0,0.0,10580.0,63.13680411702091,502.717875,167.572625,350.7935,0.6977939664468863,2.093381899340659,46.0,0.2745078439870474,0.0,0.0,0.0,0.0,-3.488969832234432,0.0,0.0,-6.888208358877005,11529.25
missingTrace,668032,0.0,0.0,0.0,0.0,0.0,0.0,0.0,0.0,0.0,0.0,0.0,0.0,0.0,0.0,0.0,0.0,0.0,0.0,0.0,0.0,0.0,0.0
missingTrace,668032,0.0,0.0,0.0,0.0,0.0,0.0,0.0,0.0,0.0,0.0,0.0,0.0,0.0,0.0,0.0,0.0,0.0,0.0,0.0,0.0,0.0,0.0
downloadedSegment,668032,25000.0,3000.0,0.0,0.0,10810.0,63.187936618193525,513.230875,171.07695833333332,358.3065,0.6981390197929928,2.0944170593789786,47.0,0.2747301592095371,0.0,0.0,0.0,0.0,-3.4906950989649643,0.0,0.0,-6.90359966555517,10438.0
missingTrace,654648,0.0,0.0,0.0,0.0,0.0,0.0,0.0,0.0,0.0,0.0,0.0,0.0,0.0,0.0,0.0,0.0,0.0,0.0,0.0,0.0,0.0,0.0
missingTrace,654648,0.0,0.0,0.0,0.0,0.0,0.0,0.0,0.0,0.0,0.0,0.0,0.0,0.0,0.0,0.0,0.0,0.0,0.0,0.0,0.0,0.0,0.0
downloadedSegment,654648,25000.0,3000.0,0.0,0.0,11040.0,63.26227628634011,523.53475,174.51158333333333,365.610375,0.6983497752536961,2.0950493257610883,48.0,0.2750533751580005,0.0,0.0,0.0,0.0,-3.4917488762684807,0.0,0.0,-6.91864918666692,10228.875
missingTrace,720984,0.0,0.0,0.0,0.0,0.0,0.0,0.0,0.0,0.0,0.0,0.0,0.0,0.0,0.0,0.0,0.0,0.0,0.0,0.0,0.0,0.0,0.0
missingTrace,720984,0.0,0.0,0.0,0.0,0.0,0.0,0.0,0.0,0.0,0.0,0.0,0.0,0.0,0.0,0.0,0.0,0.0,0.0,0.0,0.0,0.0,0.0
downloadedSegment,720984,25000.0,3000.0,0.0,0.0,11270.0,63.21101584224917,534.875125,178.29170833333333,373.95075,0.6991365507977212,2.097409652393164,49.0,0.2748305036619529,0.0,0.0,0.0,0.0,-3.4956827539886066,0.0,0.0,-6.933482920116937,11265.375
missingTrace,655016,0.0,0.0,0.0,0.0,0.0,0.0,0.0,0.0,0.0,0.0,0.0,0.0,0.0,0.0,0.0,0.0,0.0,0.0,0.0,0.0,0.0,0.0
missingTrace,655016,0.0,0.0,0.0,0.0,0.0,0.0,0.0,0.0,0.0,0.0,0.0,0.0,0.0,0.0,0.0,0.0,0.0,0.0,0.0,0.0,0.0,0.0
missingTrace,655016,0.0,0.0,0.0,0.0,0.0,0.0,0.0,0.0,0.0,0.0,0.0,0.0,0.0,0.0,0.0,0.0,0.0,0.0,0.0,0.0,0.0,0.0
downloadedSegment,655016,25000.0,3000.0,0.0,0.0,11500.0,63.28130051326637,545.18475,181.72825,381.260375,0.699323256932627,2.097969770797881,50.0,0.2751360891881146,0.0,0.0,0.0,0.0,-3.4966162846631343,0.0,0.0,-6.947925502355052,10234.625
missingTrace,660088,0.0,0.0,0.0,0.0,0.0,0.0,0.0,0.0,0.0,0.0,0.0,0.0,0.0,0.0,0.0,0.0,0.0,0.0,0.0,0.0,0.0,0.0
missingTrace,660088,0.0,0.0,0.0,0.0,0.0,0.0,0.0,0.0,0.0,0.0,0.0,0.0,0.0,0.0,0.0,0.0,0.0,0.0,0.0,0.0,0.0,0.0
downloadedSegment,660088,25000.0,3000.0,0.0,0.0,11730.0,63.33993986845578,555.573625,185.1912083333333,388.64925,0.6995458972696913,2.098637691809074,51.0,0.2753910429063295,0.0,0.0,0.0,0.0,-3.4977294863484567,0.0,0.0,-6.962090597313763,10313.875
missingTrace,653152,0.0,0.0,0.0,0.0,0.0,0.0,0.0,0.0,0.0,0.0,0.0,0.0,0.0,0.0,0.0,0.0,0.0,0.0,0.0,0.0,0.0,0.0
missingTrace,653152,0.0,0.0,0.0,0.0,0.0,0.0,0.0,0.0,0.0,0.0,0.0,0.0,0.0,0.0,0.0,0.0,0.0,0.0,0.0,0.0,0.0,0.0
downloadedSegment,653152,25000.0,3000.0,0.0,0.0,11960.0,63.40856841858314,565.854125,188.61804166666667,395.92975,0.6997028606975341,2.099108582092602,52.0,0.2756894279068832,0.0,0.0,0.0,0.0,-3.49851430348767,0.0,0.0,-6.975972857631413,10205.5
missingTrace,734504,0.0,0.0,0.0,0.0,0.0,0.0,0.0,0.0,0.0,0.0,0.0,0.0,0.0,0.0,0.0,0.0,0.0,0.0,0.0,0.0,0.0,0.0
missingTrace,734504,0.0,0.0,0.0,0.0,0.0,0.0,0.0,0.0,0.0,0.0,0.0,0.0,0.0,0.0,0.0,0.0,0.0,0.0,0.0,0.0,0.0,0.0
downloadedSegment,734504,25000.0,3000.0,0.0,0.0,12190.0,63.33501181794605,577.40575,192.46858333333333,404.481375,0.7005149758207292,2.101544927462188,53.0,0.2753696165997654,0.0,0.0,0.0,0.0,-3.5025748791036464,0.0,0.0,-6.989697940799433,11476.625
missingTrace,664144,0.0,0.0,0.0,0.0,0.0,0.0,0.0,0.0,0.0,0.0,0.0,0.0,0.0,0.0,0.0,0.0,0.0,0.0,0.0,0.0,0.0,0.0
missingTrace,664144,0.0,0.0,0.0,0.0,0.0,0.0,0.0,0.0,0.0,0.0,0.0,0.0,0.0,0.0,0.0,0.0,0.0,0.0,0.0,0.0,0.0,0.0
downloadedSegment,664144,25000.0,3000.0,0.0,0.0,12420.0,63.38265363404087,587.858,195.95266666666663,411.933625,0.7007366149648384,2.1022098448945155,54.0,0.2755767549306125,0.0,0.0,0.0,0.0,-3.5036830748241927,0.0,0.0,-7.003075278799878,10377.25
missingTrace,643352,0.0,0.0,0.0,0.0,0.0,0.0,0.0,0.0,0.0,0.0,0.0,0.0,0.0,0.0,0.0,0.0,0.0,0.0,0.0,0.0,0.0,0.0
missingTrace,643352,0.0,0.0,0.0,0.0,0.0,0.0,0.0,0.0,0.0,0.0,0.0,0.0,0.0,0.0,0.0,0.0,0.0,0.0,0.0,0.0,0.0,0.0
downloadedSegment,643352,25000.0,3000.0,0.0,0.0,12650.0,63.46309054799208,597.985375,199.3284583333333,419.061,0.7007880418480135,2.10236412554404,55.0,0.2759264806434438,0.0,0.0,0.0,0.0,-3.5039402092400667,0.0,0.0,-7.016182205494823,10052.375
missingTrace,725000,0.0,0.0,0.0,0.0,0.0,0.0,0.0,0.0,0.0,0.0,0.0,0.0,0.0,0.0,0.0,0.0,0.0,0.0,0.0,0.0,0.0,0.0
missingTrace,725000,0.0,0.0,0.0,0.0,0.0,0.0,0.0,0.0,0.0,0.0,0.0,0.0,0.0,0.0,0.0,0.0,0.0,0.0,0.0,0.0,0.0,0.0
downloadedSegment,725000,25000.0,3000.0,0.0,0.0,12880.0,63.40782604200768,609.3885,203.1295,427.464125,0.7014640496169521,2.104392148850856,56.0,0.275686200182642,0.0,0.0,0.0,0.0,-3.50732024808476,0.0,0.0,-7.029155375973776,11328.125
missingTrace,655184,0.0,0.0,0.0,0.0,0.0,0.0,0.0,0.0,0.0,0.0,0.0,0.0,0.0,0.0,0.0,0.0,0.0,0.0,0.0,0.0,0.0,0.0
missingTrace,655184,0.0,0.0,0.0,0.0,0.0,0.0,0.0,0.0,0.0,0.0,0.0,0.0,0.0,0.0,0.0,0.0,0.0,0.0,0.0,0.0,0.0,0.0
downloadedSegment,655184,25000.0,3000.0,0.0,0.0,13110.0,63.46611650865358,619.70075,206.56691666666663,434.776375,0.7015908484861443,2.104772545458433,57.0,0.275939636994146,0.0,0.0,0.0,0.0,-3.507954242430722,0.0,0.0,-7.041813352512859,10237.25
missingTrace,710248,0.0,0.0,0.0,0.0,0.0,0.0,0.0,0.0,0.0,0.0,0.0,0.0,0.0,0.0,0.0,0.0,0.0,0.0,0.0,0.0,0.0,0.0
missingTrace,710248,0.0,0.0,0.0,0.0,0.0,0.0,0.0,0.0,0.0,0.0,0.0,0.0,0.0,0.0,0.0,0.0,0.0,0.0,0.0,0.0,0.0,0.0
missingTrace,710248,0.0,0.0,0.0,0.0,0.0,0.0,0.0,0.0,0.0,0.0,0.0,0.0,0.0,0.0,0.0,0.0,0.0,0.0,0.0,0.0,0.0,0.0
downloadedSegment,710248,25000.0,3000.0,0.0,0.0,13340.0,63.43586777616032,630.873375,210.291125,442.949,0.7021202947421897,2.1063608842265693,58.0,0.2758081207659144,0.0,0.0,0.0,0.0,-3.510601473710949,0.0,0.0,-7.054318069313499,11097.625
missingTrace,627848,0.0,0.0,0.0,0.0,0.0,0.0,0.0,0.0,0.0,0.0,0.0,0.0,0.0,0.0,0.0,0.0,0.0,0.0,0.0,0.0,0.0,0.0
missingTrace,627848,0.0,0.0,0.0,0.0,0.0,0.0,0.0,0.0,0.0,0.0,0.0,0.0,0.0,0.0,0.0,0.0,0.0,0.0,0.0,0.0,0.0,0.0
downloadedSegment,627848,25000.0,3000.0,0.0,0.0,13570.0,63.53407719132872,640.7585,213.58616666666663,449.834125,0.7020338005660479,2.106101401698144,59.0,0.2762351182231684,0.0,0.0,0.0,0.0,-3.5101690028302395,0.0,0.0,-7.066511997393836,9810.125
missingTrace,700496,0.0,0.0,0.0,0.0,0.0,0.0,0.0,0.0,0.0,0.0,0.0,0.0,0.0,0.0,0.0,0.0,0.0,0.0,0.0,0.0,0.0,0.0
missingTrace,700496,0.0,0.0,0.0,0.0,0.0,0.0,0.0,0.0,0.0,0.0,0.0,0.0,0.0,0.0,0.0,0.0,0.0,0.0,0.0,0.0,0.0,0.0
downloadedSegment,700496,25000.0,3000.0,0.0,0.0,13800.0,63.51848690986013,651.77875,217.25958333333327,457.854375,0.7024690126826013,2.107407038047804,60.0,0.2761673343906962,0.0,0.0,0.0,0.0,-3.5123450634130062,0.0,0.0,-7.078586839398911,10945.25
missingTrace,659584,0.0,0.0,0.0,0.0,0.0,0.0,0.0,0.0,0.0,0.0,0.0,0.0,0.0,0.0,0.0,0.0,0.0,0.0,0.0,0.0,0.0,0.0
missingTrace,659584,0.0,0.0,0.0,0.0,0.0,0.0,0.0,0.0,0.0,0.0,0.0,0.0,0.0,0.0,0.0,0.0,0.0,0.0,0.0,0.0,0.0,0.0
downloadedSegment,659584,25000.0,3000.0,0.0,0.0,14030.0,63.564721353117584,662.15975,220.71991666666668,465.235375,0.7026029217269699,2.1078087651809096,61.0,0.2763683537092068,0.0,0.0,0.0,0.0,-3.5130146086348497,0.0,0.0,-7.090415440353143,10306.0
missingTrace,815848,0.0,0.0,0.0,0.0,0.0,0.0,0.0,0.0,0.0,0.0,0.0,0.0,0.0,0.0,0.0,0.0,0.0,0.0,0.0,0.0,0.0,0.0
missingTrace,815848,0.0,0.0,0.0,0.0,0.0,0.0,0.0,0.0,0.0,0.0,0.0,0.0,0.0,0.0,0.0,0.0,0.0,0.0,0.0,0.0,0.0,0.0
downloadedSegment,815848,25000.0,3000.0,0.0,0.0,14260.0,63.37943268518679,674.982375,224.994125,475.058,0.703808006838697,2.1114240205160915,62.0,0.2755627508051599,0.0,0.0,0.0,0.0,-3.5190400341934858,0.0,0.0,-7.102227133071799,12747.625
missingTrace,544232,0.0,0.0,0.0,0.0,0.0,0.0,0.0,0.0,0.0,0.0,0.0,0.0,0.0,0.0,0.0,0.0,0.0,0.0,0.0,0.0,0.0,0.0
missingTrace,544232,0.0,0.0,0.0,0.0,0.0,0.0,0.0,0.0,0.0,0.0,0.0,0.0,0.0,0.0,0.0,0.0,0.0,0.0,0.0,0.0,0.0,0.0
downloadedSegment,544232,25000.0,3000.0,0.0,0.0,14490.0,63.59344667118224,683.561,227.85366666666667,480.636625,0.7031364062607434,2.10940921878223,63.0,0.2764932463964445,0.0,0.0,0.0,0.0,-3.515682031303717,0.0,0.0,-7.113548111186719,8503.625
missingTrace,799280,0.0,0.0,0.0,0.0,0.0,0.0,0.0,0.0,0.0,0.0,0.0,0.0,0.0,0.0,0.0,0.0,0.0,0.0,0.0,0.0,0.0,0.0
missingTrace,799280,0.0,0.0,0.0,0.0,0.0,0.0,0.0,0.0,0.0,0.0,0.0,0.0,0.0,0.0,0.0,0.0,0.0,0.0,0.0,0.0,0.0,0.0
missingTrace,799280,0.0,0.0,0.0,0.0,0.0,0.0,0.0,0.0,0.0,0.0,0.0,0.0,0.0,0.0,0.0,0.0,0.0,0.0,0.0,0.0,0.0,0.0
downloadedSegment,799280,25000.0,3000.0,0.0,0.0,14720.0,63.43690552591328,696.12475,232.0415833333333,490.200375,0.7041846666132758,2.1125539998398275,64.0,0.2758126327213621,0.0,0.0,0.0,0.0,-3.520923333066379,0.0,0.0,-7.124970939160756,12488.75
missingTrace,641152,0.0,0.0,0.0,0.0,0.0,0.0,0.0,0.0,0.0,0.0,0.0,0.0,0.0,0.0,0.0,0.0,0.0,0.0,0.0,0.0,0.0,0.0
missingTrace,641152,0.0,0.0,0.0,0.0,0.0,0.0,0.0,0.0,0.0,0.0,0.0,0.0,0.0,0.0,0.0,0.0,0.0,0.0,0.0,0.0,0.0,0.0
downloadedSegment,641152,25000.0,3000.0,0.0,0.0,14950.0,63.5073247592545,706.21775,235.40591666666663,497.293375,0.7041643671516328,2.1124931014548984,65.0,0.2761188033011065,0.0,0.0,0.0,0.0,-3.520821835758164,0.0,0.0,-7.136045401978564,10018.0
completed,641152,25000.0,0.0,0.0,0.0,15180.0,64.21159086895386,709.21775,236.40591666666666,497.293375,0.7011857430246211,2.1035572290738633,65.0,0.2749508172913044,0.0,0.0,0.0,0.0,-3.5059287151231056,0.0,0.0,-7.135274372380167,0.0
