status,size,buffer_size,buffer_level,total_played_utility,time_average_played_utility,total_played_bitrate,time_average_played_bitrate,total_play_time,total_play_time_chunks,total_rebuffer,rebuffer_ratio,time_average_rebuffer,total_rebuffer_events,time_average_rebuffer_events,total_bitrate_change,time_average_bitrate_change,total_log_bitrate_change,time_average_log_bitrate_change,time_average_score,total_reaction_time,estimate,qoe,download_time,delay
missingTrace,886360.0,0.0,0.0,0.0,0.0,0.0,0.0,0.0,0.0,0.0,0.0,0.0,0.0,0.0,0.0,0.0,0.0,0.0,0.0,0.0,0.0,0.0,0.0,0.0
downloadedSegment,886360.0,6000.0,3000.0,0.0,0.0,0.0,0.0,0.305272,0.1017573333333333,0.0,0.0,0.0,0.0,0.0,0.0,0.0,0.0,0.0,0.0,0.0,0.0,0.17,177.272,0.0
downloadedSegment,8067960.0,6000.0,4258.407999999999,0.0,0.0,230.0,337.1010482376944,2.046864,0.682288,0.0,0.0,0.0,0.0,0.0,0.0,0.0,0.0,0.0,0.0,0.0,0.0,0.2997839035715124,1613.592,0.0
delay,0.0,0.0,0.0,0.0,0.0,0.0,0.0,0.0,0.0,0.0,0.0,0.0,0.0,0.0,0.0,0.0,0.0,0.0,0.0,0.0,0.0,0.0,0.0,1258.4079999999994
missingTrace,8491768.0,0.0,0.0,0.0,0.0,0.0,0.0,0.0,0.0,0.0,0.0,0.0,0.0,0.0,0.0,0.0,0.0,0.0,0.0,0.0,0.0,0.0,0.0,0.0
downloadedSegment,8491768.0,6000.0,4173.6464000000005,2.555540685904549,1.4939948186620722,3192.0,1866.0753426750389,5.1316256,1.7105418666666663,0.0,0.0,0.0,0.0,0.0,2732.0,1597.1547105852774,2.555540685904549,1.4939948186620722,1.4939948186620722,0.0,0.0,1.02403639534708,1698.3536,0.0
delay,0.0,0.0,0.0,0.0,0.0,0.0,0.0,0.0,0.0,0.0,0.0,0.0,0.0,0.0,0.0,0.0,0.0,0.0,0.0,0.0,0.0,0.0,0.0,1173.6464000000003
downloadedSegment,9855896.0,6000.0,3900.8208,5.111081371809098,1.8244194356708607,6154.0,2196.693104720508,8.404451199999999,2.8014837333333333,0.0,0.0,0.0,0.0,0.0,2732.0,975.197523902572,2.555540685904549,0.9122097178354306,1.8244194356708607,0.0,0.0,1.186065255697608,1971.1792,0.0
delay,0.0,0.0,0.0,0.0,0.0,0.0,0.0,0.0,0.0,0.0,0.0,0.0,0.0,0.0,0.0,0.0,0.0,0.0,0.0,0.0,0.0,0.0,0.0,900.8207999999996
missingTrace,8308192.0,0.0,0.0,0.0,0.0,0.0,0.0,0.0,0.0,0.0,0.0,0.0,0.0,0.0,0.0,0.0,0.0,0.0,0.0,0.0,0.0,0.0,0.0,0.0
downloadedSegment,8308192.0,6000.0,4210.3616,7.666622057713647,2.073010537619208,9116.0,2464.9140023699515,11.094910399999998,3.6983034666666654,0.0,0.0,0.0,0.0,0.0,2732.0,738.7170968050359,2.555540685904549,0.6910035125397359,2.073010537619208,0.0,0.0,1.3712990542090242,1661.6384,0.0
delay,0.0,0.0,0.0,0.0,0.0,0.0,0.0,0.0,0.0,0.0,0.0,0.0,0.0,0.0,0.0,0.0,0.0,0.0,0.0,0.0,0.0,0.0,0.0,1210.3616000000002
downloadedSegment,7633744.0,6000.0,4345.2512,10.222162743618195,2.196736571542542,12078.0,2595.5548719526264,13.9600208,4.653340266666667,0.0,0.0,0.0,0.0,0.0,2732.0,587.1051424221373,2.555540685904549,0.5491841428856357,2.196736571542542,0.0,0.0,1.4735291434511373,1526.7488,0.0
delay,0.0,0.0,0.0,0.0,0.0,0.0,0.0,0.0,0.0,0.0,0.0,0.0,0.0,0.0,0.0,0.0,0.0,0.0,0.0,0.0,0.0,0.0,0.0,1345.2511999999997
missingTrace,7292048.0,0.0,0.0,0.0,0.0,0.0,0.0,0.0,0.0,0.0,0.0,0.0,0.0,0.0,0.0,0.0,0.0,0.0,0.0,0.0,0.0,0.0,0.0,0.0
downloadedSegment,7292048.0,6000.0,4413.5904,12.777703429522743,2.2693483808366506,15040.0,2671.137253735591,16.891681599999995,5.630560533333332,0.0,0.0,0.0,0.0,0.0,2732.0,485.2092405056938,2.555540685904549,0.4538696761673301,2.2693483808366506,0.0,1.5158245029548808e-13,1.5470079015588074,1458.4096000000002,0.0
delay,0.0,0.0,0.0,0.0,0.0,0.0,0.0,0.0,0.0,0.0,0.0,0.0,0.0,0.0,0.0,0.0,0.0,0.0,0.0,0.0,0.0,0.0,0.0,1413.5904
downloadedSegment,7558072.0,6000.0,4360.3856,14.968141747174606,2.251425470215956,17096.0,2571.4861930725265,19.944886399999994,6.648295466666665,0.0,0.0,0.0,0.0,0.0,3638.0,547.2079299484003,2.920643054157237,0.4393070477689816,2.251425470215956,0.0,2.5985562907797973e-13,1.4828986128848969,1511.6144000000002,0.0
delay,0.0,0.0,0.0,0.0,0.0,0.0,0.0,0.0,0.0,0.0,0.0,0.0,0.0,0.0,0.0,0.0,0.0,0.0,0.0,0.0,0.0,0.0,0.0,1360.3855999999996
missingTrace,4772800.0,0.0,0.0,0.0,0.0,0.0,0.0,0.0,0.0,0.0,0.0,0.0,0.0,0.0,0.0,0.0,0.0,0.0,0.0,0.0,0.0,0.0,0.0,0.0
downloadedSegment,4772800.0,6000.0,4917.44,17.158580064826467,2.299273113827163,19152.0,2566.3941019389463,22.387832,7.462610666666666,0.0,0.0,0.0,0.0,0.0,3638.0,487.4969581690626,2.920643054157237,0.3913701497524062,2.299273113827163,0.0,3.410605131648481e-13,1.51121228638544,954.5600000000002,0.0
delay,0.0,0.0,0.0,0.0,0.0,0.0,0.0,0.0,0.0,0.0,0.0,0.0,0.0,0.0,0.0,0.0,0.0,0.0,0.0,0.0,0.0,0.0,0.0,1917.44
downloadedSegment,6192736.0,6000.0,4633.4528,19.349018382478327,2.261119661805463,21208.0,2478.3596169920056,25.6718192,8.557273066666665,0.0,0.0,0.0,0.0,0.0,3638.0,425.13543411056753,2.920643054157237,0.3413053470893762,2.261119661805463,0.0,2.0210993372731737e-13,1.466604696019872,1238.5472,0.0
delay,0.0,0.0,0.0,0.0,0.0,0.0,0.0,0.0,0.0,0.0,0.0,0.0,0.0,0.0,0.0,0.0,0.0,0.0,0.0,0.0,0.0,0.0,0.0,1633.4528
missingTrace,6446264.0,0.0,0.0,0.0,0.0,0.0,0.0,0.0,0.0,0.0,0.0,0.0,0.0,0.0,0.0,0.0,0.0,0.0,0.0,0.0,0.0,0.0,0.0,0.0
downloadedSegment,6446264.0,6000.0,4582.7472,21.539456700130188,2.24974547155376,23264.0,2429.869953493782,28.7225248,9.574174933333332,0.0,0.0,0.0,0.0,0.0,3638.0,379.98052316069374,2.920643054157237,0.3050542813865622,2.24974547155376,0.0,1.818989403545857e-13,1.458721574571103,1289.2528000000002,0.0
delay,0.0,0.0,0.0,0.0,0.0,0.0,0.0,0.0,0.0,0.0,0.0,0.0,0.0,0.0,0.0,0.0,0.0,0.0,0.0,0.0,0.0,0.0,0.0,1582.7471999999998
downloadedSegment,5623984.0,6000.0,4747.2032,23.72989501778205,2.2558314801996424,25320.0,2406.9913935925,31.5580688,10.519356266666666,0.0,0.0,0.0,0.0,0.0,3638.0,345.8386528392384,2.920643054157237,0.2776446562050625,2.2558314801996424,0.0,1.653626730496233e-13,1.4724358941761004,1124.7968,0.0
delay,0.0,0.0,0.0,0.0,0.0,0.0,0.0,0.0,0.0,0.0,0.0,0.0,0.0,0.0,0.0,0.0,0.0,0.0,0.0,0.0,0.0,0.0,0.0,1747.2032
missingTrace,6193664.0,0.0,0.0,0.0,0.0,0.0,0.0,0.0,0.0,0.0,0.0,0.0,0.0,0.0,0.0,0.0,0.0,0.0,0.0,0.0,0.0,0.0,0.0,0.0
downloadedSegment,6193664.0,6000.0,4633.2672,25.92033333543391,2.24276041881206,27376.0,2368.712177843261,34.6720048,11.557334933333332,0.0,0.0,0.0,0.0,0.0,3638.0,314.77845203805464,2.920643054157237,0.2527090433049234,2.24276041881206,0.0,1.5158245029548808e-13,1.46953165941652,1238.7328,0.0
delay,0.0,0.0,0.0,0.0,0.0,0.0,0.0,0.0,0.0,0.0,0.0,0.0,0.0,0.0,0.0,0.0,0.0,0.0,0.0,0.0,0.0,0.0,0.0,1633.2672000000002
downloadedSegment,6720088.0,6000.0,4527.9824,28.11077165308577,2.232354831492658,29432.0,2337.2772619452303,37.7772896,12.592429866666665,0.0,0.0,0.0,0.0,0.0,3638.0,288.903733316008,2.920643054157237,0.2319364161708338,2.232354831492658,0.0,2.098833927168296e-13,1.4707813657165905,1344.0176,0.0
delay,0.0,0.0,0.0,0.0,0.0,0.0,0.0,0.0,0.0,0.0,0.0,0.0,0.0,0.0,0.0,0.0,0.0,0.0,0.0,0.0,0.0,0.0,0.0,1527.9824
missingTrace,6351744.0,0.0,0.0,0.0,0.0,0.0,0.0,0.0,0.0,0.0,0.0,0.0,0.0,0.0,0.0,0.0,0.0,0.0,0.0,0.0,0.0,0.0,0.0,0.0
downloadedSegment,6351744.0,6000.0,4601.6512,30.30120997073763,2.233305738545326,31488.0,2320.776337421068,40.7036208,13.5678736,0.0,0.0,0.0,0.0,0.0,3638.0,268.1333941672334,2.920643054157237,0.2152616644480854,2.233305738545326,0.0,1.9489172180848466e-13,1.4836530095278424,1270.3488,0.0
delay,0.0,0.0,0.0,0.0,0.0,0.0,0.0,0.0,0.0,0.0,0.0,0.0,0.0,0.0,0.0,0.0,0.0,0.0,0.0,0.0,0.0,0.0,0.0,1601.6512000000002
downloadedSegment,5726000.0,6000.0,4726.799999999999,32.49164828838949,2.2367683030549688,33544.0,2309.2135951898454,43.57847199999999,14.526157333333332,0.0,0.0,0.0,0.0,0.0,3638.0,250.4447608901937,2.920643054157237,0.2010609541902183,2.2367683030549688,0.0,1.818989403545857e-13,1.4988978910536863,1145.2,0.0
delay,0.0,0.0,0.0,0.0,0.0,0.0,0.0,0.0,0.0,0.0,0.0,0.0,0.0,0.0,0.0,0.0,0.0,0.0,0.0,0.0,0.0,0.0,0.0,1726.7999999999993
missingTrace,5595624.0,0.0,0.0,0.0,0.0,0.0,0.0,0.0,0.0,0.0,0.0,0.0,0.0,0.0,0.0,0.0,0.0,0.0,0.0,0.0,0.0,0.0,0.0,0.0
downloadedSegment,5595624.0,6000.0,4752.8752,34.68208660604135,2.2350355077340307,35600.0,2294.189071699956,46.5523968,15.517465599999998,0.0,0.0,0.0,0.0,0.0,3638.0,234.4455012034955,2.920643054157237,0.1882164993590987,2.2350355077340307,0.0,1.7053025658242404e-13,1.5089061662137349,1119.1248,0.0
delay,0.0,0.0,0.0,0.0,0.0,0.0,0.0,0.0,0.0,0.0,0.0,0.0,0.0,0.0,0.0,0.0,0.0,0.0,0.0,0.0,0.0,0.0,0.0,1752.8752000000004
downloadedSegment,6942520.0,6000.0,4483.495999999999,36.87252492369321,2.2202655877036506,37656.0,2267.4422525604064,49.821776,16.607258666666667,0.0,0.0,0.0,0.0,0.0,3638.0,219.0608379757478,2.920643054157237,0.1758654521362649,2.2202655877036506,0.0,2.1399875335833605e-13,1.506222087951361,1388.504,0.0
delay,0.0,0.0,0.0,0.0,0.0,0.0,0.0,0.0,0.0,0.0,0.0,0.0,0.0,0.0,0.0,0.0,0.0,0.0,0.0,0.0,0.0,0.0,0.0,1483.4959999999992
missingTrace,5077256.0,0.0,0.0,0.0,0.0,0.0,0.0,0.0,0.0,0.0,0.0,0.0,0.0,0.0,0.0,0.0,0.0,0.0,0.0,0.0,0.0,0.0,0.0,0.0
downloadedSegment,5077256.0,6000.0,4856.5488,39.062963241345074,2.2343516214334693,39712.0,2271.475695332084,52.4487232,17.482907733333334,0.0,0.0,0.0,0.0,0.0,3638.0,208.0889549662097,2.920643054157237,0.1670570535923305,2.2343516214334693,0.0,2.526374171591468e-13,1.530834022857404,1015.4512000000002,0.0
delay,0.0,0.0,0.0,0.0,0.0,0.0,0.0,0.0,0.0,0.0,0.0,0.0,0.0,0.0,0.0,0.0,0.0,0.0,0.0,0.0,0.0,0.0,0.0,1856.5488
missingTrace,7598696.0,0.0,0.0,0.0,0.0,0.0,0.0,0.0,0.0,0.0,0.0,0.0,0.0,0.0,0.0,0.0,0.0,0.0,0.0,0.0,0.0,0.0,0.0,0.0
downloadedSegment,7598696.0,6000.0,4352.2608,41.25340155899693,2.211859594734212,41768.0,2239.4505195102,55.95301119999999,18.651003733333333,0.0,0.0,0.0,0.0,0.0,3638.0,195.0565262875432,2.920643054157237,0.1565944168965782,2.211859594734212,0.0,2.3934071099287584e-13,1.5201173841999445,1519.7392,0.0
delay,0.0,0.0,0.0,0.0,0.0,0.0,0.0,0.0,0.0,0.0,0.0,0.0,0.0,0.0,0.0,0.0,0.0,0.0,0.0,0.0,0.0,0.0,0.0,1352.2608
downloadedSegment,6479152.0,6000.0,4576.1696,43.4438398766488,2.219198222071693,43824.0,2238.6175614357767,58.7291024,19.576367466666664,0.0,0.0,0.0,0.0,0.0,3638.0,185.8363154550784,2.920643054157237,0.1491922880549884,2.219198222071693,0.0,1.818989403545857e-13,1.5374937027462834,1295.8304,0.0
delay,0.0,0.0,0.0,0.0,0.0,0.0,0.0,0.0,0.0,0.0,0.0,0.0,0.0,0.0,0.0,0.0,0.0,0.0,0.0,0.0,0.0,0.0,0.0,1576.1696000000002
missingTrace,5142544.0,0.0,0.0,0.0,0.0,0.0,0.0,0.0,0.0,0.0,0.0,0.0,0.0,0.0,0.0,0.0,0.0,0.0,0.0,0.0,0.0,0.0,0.0,0.0
downloadedSegment,5142544.0,6000.0,4843.4912,45.634278194300656,2.227446598535621,45880.0,2239.44048168549,61.4617808,20.487260266666667,0.0,0.0,0.0,0.0,0.0,3638.0,177.57376792440743,2.920643054157237,0.1425589862256596,2.227446598535621,0.0,1.7323708605198637e-13,1.55519658767156,1028.5088,0.0
delay,0.0,0.0,0.0,0.0,0.0,0.0,0.0,0.0,0.0,0.0,0.0,0.0,0.0,0.0,0.0,0.0,0.0,0.0,0.0,0.0,0.0,0.0,0.0,1843.4912
downloadedSegment,5356896.0,6000.0,4800.6208,47.82471651195252,2.224245025230949,47936.0,2229.4206281980487,64.5046512,21.5015504,0.0,0.0,0.0,0.0,0.0,3638.0,169.19710124717332,2.920643054157237,0.1358340677683055,2.224245025230949,0.0,1.653626730496233e-13,1.5616101577722752,1071.3792,0.0
delay,0.0,0.0,0.0,0.0,0.0,0.0,0.0,0.0,0.0,0.0,0.0,0.0,0.0,0.0,0.0,0.0,0.0,0.0,0.0,0.0,0.0,0.0,0.0,1800.6207999999997
missingTrace,6709528.0,0.0,0.0,0.0,0.0,0.0,0.0,0.0,0.0,0.0,0.0,0.0,0.0,0.0,0.0,0.0,0.0,0.0,0.0,0.0,0.0,0.0,0.0,0.0
downloadedSegment,6709528.0,6000.0,4530.0944,50.01515482960438,2.213870472968161,49992.0,2212.845547748148,67.77517759999999,22.591725866666664,0.0,0.0,0.0,0.0,0.0,3638.0,161.03240723931353,2.920643054157237,0.1292793242709512,2.213870472968161,0.0,1.5817299161268314e-13,1.5609085411058945,1341.9056,0.0
delay,0.0,0.0,0.0,0.0,0.0,0.0,0.0,0.0,0.0,0.0,0.0,0.0,0.0,0.0,0.0,0.0,0.0,0.0,0.0,0.0,0.0,0.0,0.0,1530.0944
downloadedSegment,6358360.0,6000.0,4600.328,52.20559314725624,2.2150753622231663,52048.0,2208.3887089989066,70.704944,23.56831466666667,0.0,0.0,0.0,0.0,0.0,3638.0,154.35978564667272,2.920643054157237,0.1239224397444075,2.2150753622231663,0.0,1.51582450295488e-13,1.5707722325406983,1271.672,0.0
delay,0.0,0.0,0.0,0.0,0.0,0.0,0.0,0.0,0.0,0.0,0.0,0.0,0.0,0.0,0.0,0.0,0.0,0.0,0.0,0.0,0.0,0.0,0.0,1600.3279999999995
missingTrace,6282648.0,0.0,0.0,0.0,0.0,0.0,0.0,0.0,0.0,0.0,0.0,0.0,0.0,0.0,0.0,0.0,0.0,0.0,0.0,0.0,0.0,0.0,0.0,0.0
downloadedSegment,6282648.0,6000.0,4615.4704,54.3960314649081,2.214527530967383,54104.0,2202.6385805875207,73.6898016,24.5632672,0.0,0.0,0.0,0.0,0.0,3638.0,148.10733321339274,2.920643054157237,0.1189028735622449,2.214527530967383,0.0,1.455191522836685e-13,1.5786138631324471,1256.5296,0.0
delay,0.0,0.0,0.0,0.0,0.0,0.0,0.0,0.0,0.0,0.0,0.0,0.0,0.0,0.0,0.0,0.0,0.0,0.0,0.0,0.0,0.0,0.0,0.0,1615.4704000000002
downloadedSegment,5316344.0,6000.0,4808.7312,56.58646978255996,2.219177593814541,56160.0,2202.452532337253,76.4965408,25.498846933333333,0.0,0.0,0.0,0.0,0.0,3638.0,142.6731181026162,2.920643054157237,0.1145402010449041,2.219177593814541,0.0,1.399222618112197e-13,1.590972131559936,1063.2688,0.0
delay,0.0,0.0,0.0,0.0,0.0,0.0,0.0,0.0,0.0,0.0,0.0,0.0,0.0,0.0,0.0,0.0,0.0,0.0,0.0,0.0,0.0,0.0,0.0,1808.7312
missingTrace,6446168.0,0.0,0.0,0.0,0.0,0.0,0.0,0.0,0.0,0.0,0.0,0.0,0.0,0.0,0.0,0.0,0.0,0.0,0.0,0.0,0.0,0.0,0.0,0.0
downloadedSegment,6446168.0,6000.0,4582.7664,58.77690810021182,2.2118061013455583,58216.0,2190.6988332288443,79.7225056,26.57416853333333,0.0,0.0,0.0,0.0,0.0,3638.0,136.89986181267238,2.920643054157237,0.1099053409890783,2.2118061013455583,0.0,1.3473995581821158e-13,1.5917463028987442,1289.2336,0.0
delay,0.0,0.0,0.0,0.0,0.0,0.0,0.0,0.0,0.0,0.0,0.0,0.0,0.0,0.0,0.0,0.0,0.0,0.0,0.0,0.0,0.0,0.0,0.0,1582.7663999999995
downloadedSegment,5904856.0,6000.0,4691.0288,60.96734641786368,2.2139286419510653,60272.0,2188.6782835045083,82.6142432,27.538081066666667,0.0,0.0,0.0,0.0,0.0,3638.0,132.10797045708458,2.920643054157237,0.1060583359852373,2.2139286419510653,0.0,1.6240976817373721e-13,1.6011020187013485,1180.9712000000002,0.0
delay,0.0,0.0,0.0,0.0,0.0,0.0,0.0,0.0,0.0,0.0,0.0,0.0,0.0,0.0,0.0,0.0,0.0,0.0,0.0,0.0,0.0,0.0,0.0,1691.0288
missingTrace,7043424.0,0.0,0.0,0.0,0.0,0.0,0.0,0.0,0.0,0.0,0.0,0.0,0.0,0.0,0.0,0.0,0.0,0.0,0.0,0.0,0.0,0.0,0.0,0.0
downloadedSegment,7043424.0,6000.0,4463.3152,63.15778473551554,2.207234798339856,62328.0,2178.235526895631,85.8419568,28.6139856,0.0,0.0,0.0,0.0,0.0,3638.0,127.1406245482978,2.920643054157237,0.1020704733337545,2.207234798339856,0.0,1.5680943134016005e-13,1.601940958888588,1408.6848,0.0
delay,0.0,0.0,0.0,0.0,0.0,0.0,0.0,0.0,0.0,0.0,0.0,0.0,0.0,0.0,0.0,0.0,0.0,0.0,0.0,0.0,0.0,0.0,0.0,1463.3152
downloadedSegment,5542176.0,6000.0,4763.5648,65.3482230531674,2.214150543954072,64384.0,2181.480413108637,88.5417072,29.513902400000003,0.0,0.0,0.0,0.0,0.0,3638.0,123.2639435712168,2.920643054157237,0.0989582134742451,2.214150543954072,0.0,1.818989403545857e-13,1.615190339041081,1108.4352,0.0
delay,0.0,0.0,0.0,0.0,0.0,0.0,0.0,0.0,0.0,0.0,0.0,0.0,0.0,0.0,0.0,0.0,0.0,0.0,0.0,0.0,0.0,0.0,0.0,1763.5648
missingTrace,6035928.0,0.0,0.0,0.0,0.0,0.0,0.0,0.0,0.0,0.0,0.0,0.0,0.0,0.0,0.0,0.0,0.0,0.0,0.0,0.0,0.0,0.0,0.0,0.0
downloadedSegment,6035928.0,6000.0,4664.814399999999,67.53866137081926,2.210988349674694,66440.0,2175.021875927429,91.6404576,30.5468192,0.0,0.0,0.0,0.0,0.0,3638.0,119.09586972642964,2.920643054157237,0.0956120188827135,2.210988349674694,0.0,1.7603123260121196e-13,1.618792445690686,1207.1856,0.0
delay,0.0,0.0,0.0,0.0,0.0,0.0,0.0,0.0,0.0,0.0,0.0,0.0,0.0,0.0,0.0,0.0,0.0,0.0,0.0,0.0,0.0,0.0,0.0,1664.8143999999993
downloadedSegment,5521280.0,6000.0,4767.744,69.72909968847111,2.212743483893649,68496.0,2173.613001600804,94.537528,31.51250933333333,0.0,0.0,0.0,0.0,0.0,3638.0,115.4462172947869,2.920643054157237,0.0926820210749715,2.212743483893649,0.0,1.705302565824241e-13,1.626722325706209,1104.256,0.0
delay,0.0,0.0,0.0,0.0,0.0,0.0,0.0,0.0,0.0,0.0,0.0,0.0,0.0,0.0,0.0,0.0,0.0,0.0,0.0,0.0,0.0,0.0,0.0,1767.7439999999997
missingTrace,7571168.0,0.0,0.0,0.0,0.0,0.0,0.0,0.0,0.0,0.0,0.0,0.0,0.0,0.0,0.0,0.0,0.0,0.0,0.0,0.0,0.0,0.0,0.0,0.0
downloadedSegment,7571168.0,6000.0,4357.7664,71.91953800612296,2.2027984551182778,70552.0,2160.912610315622,97.9475056,32.64916853333334,0.0,0.0,0.0,0.0,0.0,3638.0,111.42703362524423,2.920643054157237,0.0894553578347758,2.2027984551182778,0.0,1.6536267304962337e-13,1.6235678648125746,1514.2336,0.0
delay,0.0,0.0,0.0,0.0,0.0,0.0,0.0,0.0,0.0,0.0,0.0,0.0,0.0,0.0,0.0,0.0,0.0,0.0,0.0,0.0,0.0,0.0,0.0,1357.7664000000004
downloadedSegment,4525336.0,6000.0,4966.9328,74.10997632377482,2.215802361728989,72608.0,2170.895011186312,100.3383392,33.44611306666667,0.0,0.0,0.0,0.0,0.0,3638.0,108.7719817471326,2.920643054157237,0.087323840840209,2.215802361728989,0.0,1.8724890918854412e-13,1.6414691910517627,905.0672000000002,0.0
delay,0.0,0.0,0.0,0.0,0.0,0.0,0.0,0.0,0.0,0.0,0.0,0.0,0.0,0.0,0.0,0.0,0.0,0.0,0.0,0.0,0.0,0.0,0.0,1966.9328
missingTrace,6912928.0,0.0,0.0,0.0,0.0,0.0,0.0,0.0,0.0,0.0,0.0,0.0,0.0,0.0,0.0,0.0,0.0,0.0,0.0,0.0,0.0,0.0,0.0,0.0
downloadedSegment,6912928.0,6000.0,4489.4144,76.30041464142667,2.204877455294267,74664.0,2157.5894586647423,103.8158576,34.60528586666667,0.0,0.0,0.0,0.0,0.0,3638.0,105.12844812255348,2.920643054157237,0.0843987553060652,2.204877455294267,0.0,1.818989403545857e-13,1.6370036160988284,1382.5856,0.0
delay,0.0,0.0,0.0,0.0,0.0,0.0,0.0,0.0,0.0,0.0,0.0,0.0,0.0,0.0,0.0,0.0,0.0,0.0,0.0,0.0,0.0,0.0,0.0,1489.4143999999997
downloadedSegment,6042616.0,6000.0,4663.4768,78.49085295907852,2.2080700951781767,76720.0,2158.2532399079496,106.6417952,35.54726506666666,0.0,0.0,0.0,0.0,0.0,3638.0,102.34261322712618,2.920643054157237,0.0821622436685284,2.2080700951781767,0.0,1.7684619201140277e-13,1.6454087195174936,1208.5232,0.0
delay,0.0,0.0,0.0,0.0,0.0,0.0,0.0,0.0,0.0,0.0,0.0,0.0,0.0,0.0,0.0,0.0,0.0,0.0,0.0,0.0,0.0,0.0,0.0,1663.4768000000004
missingTrace,6859408.0,0.0,0.0,0.0,0.0,0.0,0.0,0.0,0.0,0.0,0.0,0.0,0.0,0.0,0.0,0.0,0.0,0.0,0.0,0.0,0.0,0.0,0.0,0.0
downloadedSegment,6859408.0,6000.0,4500.118399999999,80.68129127673038,2.2043034037538214,78776.0,2152.248708297422,109.8051536,36.60171786666666,0.0,0.0,0.0,0.0,0.0,3638.0,99.39424191106455,2.920643054157237,0.0797952452613454,2.2043034037538214,0.0,1.9664750308603857e-13,1.6471984820829082,1371.8816000000002,0.0
delay,0.0,0.0,0.0,0.0,0.0,0.0,0.0,0.0,0.0,0.0,0.0,0.0,0.0,0.0,0.0,0.0,0.0,0.0,0.0,0.0,0.0,0.0,0.0,1500.1183999999994
downloadedSegment,5717168.0,6000.0,4728.5664,82.87172959438223,2.208407036412217,80832.0,2154.05130846181,112.5767056,37.525568533333335,0.0,0.0,0.0,0.0,0.0,3638.0,96.94723203909425,2.920643054157237,0.0778307476291232,2.208407036412217,0.0,1.9147256879430082e-13,1.6560789571558736,1143.4336,0.0
delay,0.0,0.0,0.0,0.0,0.0,0.0,0.0,0.0,0.0,0.0,0.0,0.0,0.0,0.0,0.0,0.0,0.0,0.0,0.0,0.0,0.0,0.0,0.0,1728.5663999999997
missingTrace,7100512.0,0.0,0.0,0.0,0.0,0.0,0.0,0.0,0.0,0.0,0.0,0.0,0.0,0.0,0.0,0.0,0.0,0.0,0.0,0.0,0.0,0.0,0.0,0.0
downloadedSegment,7100512.0,6000.0,4451.8976,85.06216791203408,2.202667855448345,82888.0,2146.36821143813,115.8533744,38.61779146666667,0.0,0.0,0.0,0.0,0.0,3638.0,94.20528367449953,2.920643054157237,0.0756294687819788,2.202667855448345,0.0,1.8656301574829322e-13,1.6557169411594497,1420.1024,0.0
delay,0.0,0.0,0.0,0.0,0.0,0.0,0.0,0.0,0.0,0.0,0.0,0.0,0.0,0.0,0.0,0.0,0.0,0.0,0.0,0.0,0.0,0.0,0.0,1451.8976000000002
downloadedSegment,5239952.0,6000.0,4824.009599999999,87.25260622968594,2.209276077810071,84944.0,2150.821107388876,118.4812624,39.49375413333333,0.0,0.0,0.0,0.0,0.0,3638.0,92.11583147344992,2.920643054157237,0.0739520240161765,2.209276077810071,0.0,2.046363078989089e-13,1.6665747631860794,1047.9904,0.0
delay,0.0,0.0,0.0,0.0,0.0,0.0,0.0,0.0,0.0,0.0,0.0,0.0,0.0,0.0,0.0,0.0,0.0,0.0,0.0,0.0,0.0,0.0,0.0,1824.0096
missingTrace,5982080.0,0.0,0.0,0.0,0.0,0.0,0.0,0.0,0.0,0.0,0.0,0.0,0.0,0.0,0.0,0.0,0.0,0.0,0.0,0.0,0.0,0.0,0.0,0.0
downloadedSegment,5982080.0,6000.0,4675.584,89.44304454733779,2.2061154480805163,87000.0,2145.857679089007,121.629688,40.54322933333333,0.0,0.0,0.0,0.0,0.0,3638.0,89.73138202903226,2.920643054157237,0.0720377508694399,2.2061154480805163,0.0,2.2182797604217772e-13,1.668290287419508,1196.4160000000002,0.0
delay,0.0,0.0,0.0,0.0,0.0,0.0,0.0,0.0,0.0,0.0,0.0,0.0,0.0,0.0,0.0,0.0,0.0,0.0,0.0,0.0,0.0,0.0,0.0,1675.5839999999998
downloadedSegment,7354272.0,6000.0,4401.1456,91.63348286498965,2.200891648003784,89056.0,2138.984577214096,124.9041264,41.6347088,0.0,0.0,0.0,0.0,0.0,3638.0,87.37901872871991,2.920643054157237,0.070149236978865,2.200891648003784,0.0,2.382009933214812e-13,1.6679676506874448,1470.8544000000002,0.0
delay,0.0,0.0,0.0,0.0,0.0,0.0,0.0,0.0,0.0,0.0,0.0,0.0,0.0,0.0,0.0,0.0,0.0,0.0,0.0,0.0,0.0,0.0,0.0,1401.1455999999998
missingTrace,5952616.0,0.0,0.0,0.0,0.0,0.0,0.0,0.0,0.0,0.0,0.0,0.0,0.0,0.0,0.0,0.0,0.0,0.0,0.0,0.0,0.0,0.0,0.0,0.0
downloadedSegment,5952616.0,6000.0,4681.4768,93.8239211826415,2.2054802798085453,91112.0,2141.732265300946,127.6237952,42.54126506666667,0.0,0.0,0.0,0.0,0.0,3638.0,85.51696792041488,2.920643054157237,0.0686543535924538,2.2054802798085453,0.0,2.115103957611461e-13,1.6765295731383418,1190.5232,0.0
delay,0.0,0.0,0.0,0.0,0.0,0.0,0.0,0.0,0.0,0.0,0.0,0.0,0.0,0.0,0.0,0.0,0.0,0.0,0.0,0.0,0.0,0.0,0.0,1681.4768000000004
downloadedSegment,5950360.0,6000.0,4681.928,96.01435950029337,2.205142432281324,93168.0,2139.770667638091,130.623344,43.541114666666665,0.0,0.0,0.0,0.0,0.0,3638.0,83.55321235689694,2.920643054157237,0.0670778200447211,2.205142432281324,0.0,2.0670334131202921e-13,1.6804391758902293,1190.072,0.0
delay,0.0,0.0,0.0,0.0,0.0,0.0,0.0,0.0,0.0,0.0,0.0,0.0,0.0,0.0,0.0,0.0,0.0,0.0,0.0,0.0,0.0,0.0,0.0,1681.928
missingTrace,5819128.0,0.0,0.0,0.0,0.0,0.0,0.0,0.0,0.0,0.0,0.0,0.0,0.0,0.0,0.0,0.0,0.0,0.0,0.0,0.0,0.0,0.0,0.0,0.0
downloadedSegment,5819128.0,6000.0,4708.1744,98.2047978179452,2.205245463759504,95224.0,2138.309926876735,133.5970976,44.532365866666666,0.0,0.0,0.0,0.0,0.0,3638.0,81.69339151870916,2.920643054157237,0.0655847269130471,2.205245463759504,0.0,2.2232092710004922e-13,1.684631683196777,1163.8256,0.0
delay,0.0,0.0,0.0,0.0,0.0,0.0,0.0,0.0,0.0,0.0,0.0,0.0,0.0,0.0,0.0,0.0,0.0,0.0,0.0,0.0,0.0,0.0,0.0,1708.1744
downloadedSegment,6203648.0,6000.0,4631.270399999999,100.39523613559706,2.2036795943698424,97280.0,2135.300032072816,136.6740016,45.55800053333333,0.0,0.0,0.0,0.0,0.0,3638.0,79.85425078824942,2.920643054157237,0.0641082360939061,2.2036795943698424,0.0,2.372594874190248e-13,1.687177657917695,1240.7296,0.0
delay,0.0,0.0,0.0,0.0,0.0,0.0,0.0,0.0,0.0,0.0,0.0,0.0,0.0,0.0,0.0,0.0,0.0,0.0,0.0,0.0,0.0,0.0,0.0,1631.2703999999994
missingTrace,5889800.0,0.0,0.0,0.0,0.0,0.0,0.0,0.0,0.0,0.0,0.0,0.0,0.0,0.0,0.0,0.0,0.0,0.0,0.0,0.0,0.0,0.0,0.0,0.0
downloadedSegment,5889800.0,6000.0,4694.04,102.58567445324891,2.2043858431085743,99336.0,2134.5560506191937,139.611232,46.53707733333333,0.0,0.0,0.0,0.0,0.0,3638.0,78.17422598204706,2.920643054157237,0.0627594860166531,2.2043858431085743,0.0,2.1286046211706842e-13,1.6916951566562148,1177.96,0.0
delay,0.0,0.0,0.0,0.0,0.0,0.0,0.0,0.0,0.0,0.0,0.0,0.0,0.0,0.0,0.0,0.0,0.0,0.0,0.0,0.0,0.0,0.0,0.0,1694.04
missingTrace,7033976.0,0.0,0.0,0.0,0.0,0.0,0.0,0.0,0.0,0.0,0.0,0.0,0.0,0.0,0.0,0.0,0.0,0.0,0.0,0.0,0.0,0.0,0.0,0.0
downloadedSegment,7033976.0,6000.0,4465.2048,104.77611277090077,2.200561400412884,101392.0,2129.4865366739346,142.8400672,47.61335573333333,0.0,0.0,0.0,0.0,0.0,3638.0,76.40713291403438,2.920643054157237,0.0613408361829145,2.200561400412884,0.0,1.894780628693601e-13,1.691956942048097,1406.7952,0.0
delay,0.0,0.0,0.0,0.0,0.0,0.0,0.0,0.0,0.0,0.0,0.0,0.0,0.0,0.0,0.0,0.0,0.0,0.0,0.0,0.0,0.0,0.0,0.0,1465.2047999999995
downloadedSegment,5051232.0,6000.0,4861.7536,106.96655108855262,2.2063523819818283,103448.0,2133.776763750237,145.4435184,48.4811728,0.0,0.0,0.0,0.0,0.0,3638.0,75.03943881489599,2.920643054157237,0.0602428300611827,2.2063523819818283,0.0,1.8561116362712842e-13,1.7009189464172048,1010.2464,0.0
delay,0.0,0.0,0.0,0.0,0.0,0.0,0.0,0.0,0.0,0.0,0.0,0.0,0.0,0.0,0.0,0.0,0.0,0.0,0.0,0.0,0.0,0.0,0.0,1861.7536
missingTrace,6866160.0,0.0,0.0,0.0,0.0,0.0,0.0,0.0,0.0,0.0,0.0,0.0,0.0,0.0,0.0,0.0,0.0,0.0,0.0,0.0,0.0,0.0,0.0,0.0
downloadedSegment,6866160.0,6000.0,4498.768,109.15698940620447,2.200649564474772,105504.0,2127.003803543426,148.806504,49.602168,0.0,0.0,0.0,0.0,0.0,3638.0,73.34356836983416,2.920643054157237,0.0588813588582909,2.200649564474772,0.0,2.0008883439004426e-13,1.6992710260579158,1373.2320000000002,0.0
delay,0.0,0.0,0.0,0.0,0.0,0.0,0.0,0.0,0.0,0.0,0.0,0.0,0.0,0.0,0.0,0.0,0.0,0.0,0.0,0.0,0.0,0.0,0.0,1498.768
downloadedSegment,6046416.0,6000.0,4662.7168,111.34742772385631,2.2028267904811,107560.0,2127.89872588483,151.6425552,50.5475184,0.0,0.0,0.0,0.0,0.0,3638.0,71.97188141287664,2.920643054157237,0.0577801472081216,2.2028267904811,0.0,1.961655239118081e-13,1.70473388240176,1209.2832,0.0
delay,0.0,0.0,0.0,0.0,0.0,0.0,0.0,0.0,0.0,0.0,0.0,0.0,0.0,0.0,0.0,0.0,0.0,0.0,0.0,0.0,0.0,0.0,0.0,1662.7168
missingTrace,5407112.0,0.0,0.0,0.0,0.0,0.0,0.0,0.0,0.0,0.0,0.0,0.0,0.0,0.0,0.0,0.0,0.0,0.0,0.0,0.0,0.0,0.0,0.0,0.0
downloadedSegment,5407112.0,6000.0,4790.5776,113.53786604150818,2.2044090980936795,109616.0,2128.263601574971,154.5146944,51.50489813333333,0.0,0.0,0.0,0.0,0.0,3638.0,70.63405873713458,2.920643054157237,0.0567061223302766,2.2044090980936795,0.0,2.098833927168297e-13,1.7095659116090527,1081.4224000000002,0.0
delay,0.0,0.0,0.0,0.0,0.0,0.0,0.0,0.0,0.0,0.0,0.0,0.0,0.0,0.0,0.0,0.0,0.0,0.0,0.0,0.0,0.0,0.0,0.0,1790.5775999999996
downloadedSegment,6960632.0,6000.0,4479.8736,115.72830435916003,2.199803812296159,111672.0,2122.7001699113084,157.8253984,52.60846613333334,0.0,0.0,0.0,0.0,0.0,3638.0,69.15236781052852,2.920643054157237,0.0555165977801942,2.199803812296159,0.0,2.0592332870330459e-13,1.708661769206348,1392.1264,0.0
delay,0.0,0.0,0.0,0.0,0.0,0.0,0.0,0.0,0.0,0.0,0.0,0.0,0.0,0.0,0.0,0.0,0.0,0.0,0.0,0.0,0.0,0.0,0.0,1479.8736
missingTrace,6001832.0,0.0,0.0,0.0,0.0,0.0,0.0,0.0,0.0,0.0,0.0,0.0,0.0,0.0,0.0,0.0,0.0,0.0,0.0,0.0,0.0,0.0,0.0,0.0
downloadedSegment,6001832.0,6000.0,4671.6336,117.91874267681187,2.202254966979791,113728.0,2123.9884957993954,160.6336384,53.54454613333333,0.0,0.0,0.0,0.0,0.0,3638.0,67.9434277198069,2.920643054157237,0.0545460418486773,2.202254966979791,0.0,2.189524282045939e-13,1.7141164349663864,1200.3664,0.0
delay,0.0,0.0,0.0,0.0,0.0,0.0,0.0,0.0,0.0,0.0,0.0,0.0,0.0,0.0,0.0,0.0,0.0,0.0,0.0,0.0,0.0,0.0,0.0,1671.6336
missingTrace,5608872.0,0.0,0.0,0.0,0.0,0.0,0.0,0.0,0.0,0.0,0.0,0.0,0.0,0.0,0.0,0.0,0.0,0.0,0.0,0.0,0.0,0.0,0.0,0.0
downloadedSegment,5608872.0,6000.0,4750.2256,120.10918099446374,2.203096455380244,115784.0,2123.762046146196,163.55504639999998,54.5183488,0.0,0.0,0.0,0.0,0.0,3638.0,66.72982729807107,2.920643054157237,0.0535717445308475,2.203096455380244,0.0,2.149714749645104e-13,1.7180260542701726,1121.7744,0.0
delay,0.0,0.0,0.0,0.0,0.0,0.0,0.0,0.0,0.0,0.0,0.0,0.0,0.0,0.0,0.0,0.0,0.0,0.0,0.0,0.0,0.0,0.0,0.0,1750.2255999999998
downloadedSegment,5977888.0,6000.0,4676.4224,122.2996193121156,2.201892762370405,117840.0,2121.601396448698,166.6288496,55.54294986666666,0.0,0.0,0.0,0.0,0.0,3638.0,65.4988618489508,2.920643054157237,0.0525835062986098,2.201892762370405,0.0,2.111326986258584e-13,1.7199959785283272,1195.5776,0.0
delay,0.0,0.0,0.0,0.0,0.0,0.0,0.0,0.0,0.0,0.0,0.0,0.0,0.0,0.0,0.0,0.0,0.0,0.0,0.0,0.0,0.0,0.0,0.0,1676.4223999999997
missingTrace,7117856.0,0.0,0.0,0.0,0.0,0.0,0.0,0.0,0.0,0.0,0.0,0.0,0.0,0.0,0.0,0.0,0.0,0.0,0.0,0.0,0.0,0.0,0.0,0.0
downloadedSegment,7117856.0,6000.0,4448.428800000001,124.49005762976743,2.1987349220281653,119896.0,2117.594988954793,169.8568432,56.618947733333336,0.0,0.0,0.0,0.0,0.0,3638.0,64.25410830901394,2.920643054157237,0.0515841987723442,2.1987349220281653,0.0,2.074286161938258e-13,1.7201111099662325,1423.5712,0.0
delay,0.0,0.0,0.0,0.0,0.0,0.0,0.0,0.0,0.0,0.0,0.0,0.0,0.0,0.0,0.0,0.0,0.0,0.0,0.0,0.0,0.0,0.0,0.0,1448.4288000000006
downloadedSegment,6181608.0,6000.0,4635.6784,126.6804959474193,2.2009751683475205,121952.0,2118.8212259740912,172.66959359999998,57.5565312,0.0,0.0,0.0,0.0,0.0,3638.0,63.207422757263046,2.920643054157237,0.0507439033114844,2.2009751683475205,0.0,2.038522607422081e-13,1.7250746420630612,1236.3216,0.0
delay,0.0,0.0,0.0,0.0,0.0,0.0,0.0,0.0,0.0,0.0,0.0,0.0,0.0,0.0,0.0,0.0,0.0,0.0,0.0,0.0,0.0,0.0,0.0,1635.6783999999998
downloadedSegment,4671576.0,6000.0,4937.6848,128.87093426507116,2.2045852883537504,124008.0,2121.3954410841093,175.3675872,58.4558624,0.0,0.0,0.0,0.0,0.0,3638.0,62.23498979633563,2.920643054157237,0.0499632189868648,2.2045852883537504,0.0,2.0039713767878084e-13,1.731221635636301,934.3152,0.0
delay,0.0,0.0,0.0,0.0,0.0,0.0,0.0,0.0,0.0,0.0,0.0,0.0,0.0,0.0,0.0,0.0,0.0,0.0,0.0,0.0,0.0,0.0,0.0,1937.6848
downloadedSegment,7304528.0,6000.0,4411.0944,131.061372582723,2.19785866160112,126064.0,2114.054269813195,178.8941776,59.63139253333333,0.0,0.0,0.0,0.0,0.0,3638.0,61.008134230076806,2.920643054157237,0.048978280232591,2.19785866160112,0.0,1.970571853841345e-13,1.7278947683359114,1460.9056,0.0
delay,0.0,0.0,0.0,0.0,0.0,0.0,0.0,0.0,0.0,0.0,0.0,0.0,0.0,0.0,0.0,0.0,0.0,0.0,0.0,0.0,0.0,0.0,0.0,1411.0944
missingTrace,5574976.0,0.0,0.0,0.0,0.0,0.0,0.0,0.0,0.0,0.0,0.0,0.0,0.0,0.0,0.0,0.0,0.0,0.0,0.0,0.0,0.0,0.0,0.0,0.0
downloadedSegment,5574976.0,6000.0,4757.0048,133.25181090037486,2.201923702531073,128120.0,2117.1229333551028,181.5482672,60.516089066666666,0.0,0.0,0.0,0.0,0.0,3638.0,60.11624439233425,2.920643054157237,0.048262257181553,2.201923702531073,0.0,1.9382673972209952e-13,1.734323946453189,1114.9952,0.0
delay,0.0,0.0,0.0,0.0,0.0,0.0,0.0,0.0,0.0,0.0,0.0,0.0,0.0,0.0,0.0,0.0,0.0,0.0,0.0,0.0,0.0,0.0,0.0,1757.0047999999997
downloadedSegment,7198488.0,6000.0,4432.3024,135.44224921802672,2.197869967325284,130176.0,2112.41265202244,184.8729696,61.624323200000006,0.0,0.0,0.0,0.0,0.0,3638.0,59.03513111524119,2.920643054157237,0.0473943226066495,2.197869967325284,0.0,2.0536977136808082e-13,1.7333099907881853,1439.6976000000002,0.0
delay,0.0,0.0,0.0,0.0,0.0,0.0,0.0,0.0,0.0,0.0,0.0,0.0,0.0,0.0,0.0,0.0,0.0,0.0,0.0,0.0,0.0,0.0,0.0,1432.3023999999996
missingTrace,5015856.0,0.0,0.0,0.0,0.0,0.0,0.0,0.0,0.0,0.0,0.0,0.0,0.0,0.0,0.0,0.0,0.0,0.0,0.0,0.0,0.0,0.0,0.0,0.0
downloadedSegment,5015856.0,6000.0,4868.8288,137.63268753567857,2.202869706434099,132232.0,2116.4294052289188,187.4364432,62.478814400000005,0.0,0.0,0.0,0.0,0.0,3638.0,58.22773743286652,2.920643054157237,0.0467461343849898,2.202869706434099,0.0,2.0210993372731745e-13,1.7404702060518775,1003.1712,0.0
delay,0.0,0.0,0.0,0.0,0.0,0.0,0.0,0.0,0.0,0.0,0.0,0.0,0.0,0.0,0.0,0.0,0.0,0.0,0.0,0.0,0.0,0.0,0.0,1868.8288
downloadedSegment,7289440.0,6000.0,4414.111999999999,139.82312585333042,2.197426939833103,134288.0,2110.438220397424,190.89116,63.630386666666666,0.0,0.0,0.0,0.0,0.0,3638.0,57.17394142295536,2.920643054157237,0.0459001305375885,2.197426939833103,0.0,2.131628207280301e-13,1.738085104584426,1457.888,0.0
delay,0.0,0.0,0.0,0.0,0.0,0.0,0.0,0.0,0.0,0.0,0.0,0.0,0.0,0.0,0.0,0.0,0.0,0.0,0.0,0.0,0.0,0.0,0.0,1414.1119999999992
missingTrace,6182824.0,0.0,0.0,0.0,0.0,0.0,0.0,0.0,0.0,0.0,0.0,0.0,0.0,0.0,0.0,0.0,0.0,0.0,0.0,0.0,0.0,0.0,0.0,0.0
downloadedSegment,6182824.0,6000.0,4635.4352,142.01356417098228,2.199829873109837,136344.0,2112.006736611243,193.6698368,64.55661226666666,0.0,0.0,0.0,0.0,0.0,3638.0,56.3536386477711,2.920643054157237,0.0452415786951895,2.199829873109837,0.0,2.098833927168297e-13,1.7427729407248524,1236.5648,0.0
delay,0.0,0.0,0.0,0.0,0.0,0.0,0.0,0.0,0.0,0.0,0.0,0.0,0.0,0.0,0.0,0.0,0.0,0.0,0.0,0.0,0.0,0.0,0.0,1635.4352
downloadedSegment,6761160.0,6000.0,4519.768,144.20400248863413,2.198393675714561,138400.0,2109.911510555168,196.785504,65.595168,0.0,0.0,0.0,0.0,0.0,3638.0,55.46140227889957,2.920643054157237,0.0445252774435647,2.198393675714561,0.0,2.204835640661645e-13,1.7439235471502643,1352.2320000000002,0.0
delay,0.0,0.0,0.0,0.0,0.0,0.0,0.0,0.0,0.0,0.0,0.0,0.0,0.0,0.0,0.0,0.0,0.0,0.0,0.0,0.0,0.0,0.0,0.0,1519.768
missingTrace,5272440.0,0.0,0.0,0.0,0.0,0.0,0.0,0.0,0.0,0.0,0.0,0.0,0.0,0.0,0.0,0.0,0.0,0.0,0.0,0.0,0.0,0.0,0.0,0.0
downloadedSegment,5272440.0,6000.0,4817.512,146.39444080628598,2.201555235363102,140456.0,2112.249894429613,199.48776,66.49592,0.0,0.0,0.0,0.0,0.0,3638.0,54.7101235684836,2.920643054157237,0.0439221391952654,2.201555235363102,0.0,2.1719276460249042e-13,1.749199533450802,1054.488,0.0
delay,0.0,0.0,0.0,0.0,0.0,0.0,0.0,0.0,0.0,0.0,0.0,0.0,0.0,0.0,0.0,0.0,0.0,0.0,0.0,0.0,0.0,0.0,0.0,1817.512
downloadedSegment,6256088.0,6000.0,4620.7824,148.58487912393784,2.1992538168634166,142512.0,2109.3671293928155,202.6844896,67.56149653333334,0.0,0.0,0.0,0.0,0.0,3638.0,53.84723824471667,2.920643054157237,0.043229401419731,2.1992538168634166,0.0,2.273736754432321e-13,1.7494703798185618,1251.2176000000002,0.0
delay,0.0,0.0,0.0,0.0,0.0,0.0,0.0,0.0,0.0,0.0,0.0,0.0,0.0,0.0,0.0,0.0,0.0,0.0,0.0,0.0,0.0,0.0,0.0,1620.7824
missingTrace,5750624.0,0.0,0.0,0.0,0.0,0.0,0.0,0.0,0.0,0.0,0.0,0.0,0.0,0.0,0.0,0.0,0.0,0.0,0.0,0.0,0.0,0.0,0.0,0.0
downloadedSegment,5750624.0,6000.0,4721.8752,150.7753174415897,2.2002066283825945,144568.0,2109.6256154475604,205.5833968,68.52779893333333,0.0,0.0,0.0,0.0,0.0,3638.0,53.0879446972928,2.920643054157237,0.0426198287354677,2.2002066283825945,0.0,2.2407840478463453e-13,1.752646530732803,1150.1248,0.0
delay,0.0,0.0,0.0,0.0,0.0,0.0,0.0,0.0,0.0,0.0,0.0,0.0,0.0,0.0,0.0,0.0,0.0,0.0,0.0,0.0,0.0,0.0,0.0,1721.8751999999995
downloadedSegment,6482800.0,6000.0,4575.44,152.96575575924157,2.1985226686606283,146624.0,2107.374857658104,208.729832,69.57661066666667,0.0,0.0,0.0,0.0,0.0,3638.0,52.287686409865934,2.920643054157237,0.0419773689199908,2.1985226686606283,0.0,2.338700661701816e-13,1.7533860879633452,1296.5600000000002,0.0
delay,0.0,0.0,0.0,0.0,0.0,0.0,0.0,0.0,0.0,0.0,0.0,0.0,0.0,0.0,0.0,0.0,0.0,0.0,0.0,0.0,0.0,0.0,0.0,1575.4399999999996
missingTrace,4879616.0,0.0,0.0,0.0,0.0,0.0,0.0,0.0,0.0,0.0,0.0,0.0,0.0,0.0,0.0,0.0,0.0,0.0,0.0,0.0,0.0,0.0,0.0,0.0
downloadedSegment,4879616.0,6000.0,4896.0768,155.1561940768934,2.2017423688233224,148680.0,2109.842003693508,211.4091952,70.46973173333333,0.0,0.0,0.0,0.0,0.0,3638.0,51.6250014086426,2.920643054157237,0.0414453550810911,2.2017423688233224,0.0,2.4338590610824853e-13,1.7585291249367423,975.9232000000002,0.0
delay,0.0,0.0,0.0,0.0,0.0,0.0,0.0,0.0,0.0,0.0,0.0,0.0,0.0,0.0,0.0,0.0,0.0,0.0,0.0,0.0,0.0,0.0,0.0,1896.0768
downloadedSegment,7581328.0,6000.0,4355.734399999999,157.34663239454525,2.1960498378091686,150736.0,2103.7868006095214,214.9495376,71.64984586666667,0.0,0.0,0.0,0.0,0.0,3638.0,50.77470797034178,2.920643054157237,0.0407627262673009,2.1960498378091686,0.0,2.526374171591468e-13,1.7555506517331732,1516.2656000000002,0.0
delay,0.0,0.0,0.0,0.0,0.0,0.0,0.0,0.0,0.0,0.0,0.0,0.0,0.0,0.0,0.0,0.0,0.0,0.0,0.0,0.0,0.0,0.0,0.0,1355.7343999999994
downloadedSegment,6249808.0,6000.0,4622.0384,159.5370707121971,2.1986590525205765,152792.0,2105.701906478846,217.6832336,72.56107786666666,0.0,0.0,0.0,0.0,0.0,3638.0,50.137072201228094,2.920643054157237,0.0402508223420276,2.1986590525205765,0.0,2.367177990915841e-13,1.76005259602716,1249.9616,0.0
delay,0.0,0.0,0.0,0.0,0.0,0.0,0.0,0.0,0.0,0.0,0.0,0.0,0.0,0.0,0.0,0.0,0.0,0.0,0.0,0.0,0.0,0.0,0.0,1622.0384000000004
downloadedSegment,8276136.0,6000.0,4216.7728,161.72750902984896,2.1945172582253747,154848.0,2101.1676395693767,221.0884992,73.6961664,0.0,0.0,0.0,0.0,0.0,3638.0,49.36484728736175,2.920643054157237,0.0396308681554056,2.1945172582253747,0.0,2.2122844097179362e-13,1.7583983620492756,1655.2272,0.0
delay,0.0,0.0,0.0,0.0,0.0,0.0,0.0,0.0,0.0,0.0,0.0,0.0,0.0,0.0,0.0,0.0,0.0,0.0,0.0,0.0,0.0,0.0,0.0,1216.7727999999995
missingTrace,3736552.0,0.0,0.0,0.0,0.0,0.0,0.0,0.0,0.0,0.0,0.0,0.0,0.0,0.0,0.0,0.0,0.0,0.0,0.0,0.0,0.0,0.0,0.0,0.0
downloadedSegment,3736552.0,6000.0,5124.6896,163.9179473475008,2.2033899040604994,156904.0,2109.108216038064,223.1805824,74.39352746666667,0.0,0.0,0.0,0.0,0.0,3638.0,48.90210377011723,2.920643054157237,0.0392593704535099,2.2033899040604994,0.0,2.1827872842550282e-13,1.7684951829338598,747.3104,0.0
delay,0.0,0.0,0.0,0.0,0.0,0.0,0.0,0.0,0.0,0.0,0.0,0.0,0.0,0.0,0.0,0.0,0.0,0.0,0.0,0.0,0.0,0.0,0.0,2124.6896
downloadedSegment,6632560.0,6000.0,4545.488,166.10838566515267,2.197590543636512,158960.0,2103.0184082376795,226.759784,75.58659466666666,0.0,0.0,0.0,0.0,0.0,3638.0,48.13022753629013,2.920643054157237,0.0386396961926534,2.197590543636512,0.0,2.273736754432321e-13,1.76527319355108,1326.5120000000002,0.0
delay,0.0,0.0,0.0,0.0,0.0,0.0,0.0,0.0,0.0,0.0,0.0,0.0,0.0,0.0,0.0,0.0,0.0,0.0,0.0,0.0,0.0,0.0,0.0,1545.4880000000005
missingTrace,5303432.0,0.0,0.0,0.0,0.0,0.0,0.0,0.0,0.0,0.0,0.0,0.0,0.0,0.0,0.0,0.0,0.0,0.0,0.0,0.0,0.0,0.0,0.0,0.0
downloadedSegment,5303432.0,6000.0,4811.3136,168.29882398280452,2.200042543465988,161016.0,2104.8397237458607,229.4939584,76.49798613333333,0.0,0.0,0.0,0.0,0.0,3638.0,47.556807491103,2.920643054157237,0.0381793456505725,2.200042543465988,0.0,2.2442077056734605e-13,1.769482156690391,1060.6864,0.0
delay,0.0,0.0,0.0,0.0,0.0,0.0,0.0,0.0,0.0,0.0,0.0,0.0,0.0,0.0,0.0,0.0,0.0,0.0,0.0,0.0,0.0,0.0,0.0,1811.3135999999995
downloadedSegment,8324984.0,6000.0,4207.0032,170.48926230045635,2.1942152961256536,163072.0,2098.754325883694,233.0982688,77.69942293333332,0.0,0.0,0.0,0.0,0.0,3638.0,46.8214545572807,2.920643054157237,0.0375889928637329,2.1942152961256536,0.0,2.2154358120109805e-13,1.7661618922794198,1664.9968,0.0
delay,0.0,0.0,0.0,0.0,0.0,0.0,0.0,0.0,0.0,0.0,0.0,0.0,0.0,0.0,0.0,0.0,0.0,0.0,0.0,0.0,0.0,0.0,0.0,1207.0032
missingTrace,5909504.0,0.0,0.0,0.0,0.0,0.0,0.0,0.0,0.0,0.0,0.0,0.0,0.0,0.0,0.0,0.0,0.0,0.0,0.0,0.0,0.0,0.0,0.0,0.0
downloadedSegment,5909504.0,6000.0,4690.0992,172.67970061810823,2.1986661372358136,165128.0,2102.5131536011163,235.6151728,78.53839093333333,0.0,0.0,0.0,0.0,0.0,3638.0,46.32129531515468,2.920643054157237,0.0371874572352316,2.1986661372358136,0.0,2.3025182323365283e-13,1.7721061263727178,1181.9008,0.0
delay,0.0,0.0,0.0,0.0,0.0,0.0,0.0,0.0,0.0,0.0,0.0,0.0,0.0,0.0,0.0,0.0,0.0,0.0,0.0,0.0,0.0,0.0,0.0,1690.0991999999997
missingTrace,5516128.0,0.0,0.0,0.0,0.0,0.0,0.0,0.0,0.0,0.0,0.0,0.0,0.0,0.0,0.0,0.0,0.0,0.0,0.0,0.0,0.0,0.0,0.0,0.0
downloadedSegment,5516128.0,6000.0,4768.7744,174.87013893576008,2.199287832619205,167184.0,2102.621632522872,238.5364976,79.51216586666666,0.0,0.0,0.0,0.0,0.0,3638.0,45.7540045645409,2.920643054157237,0.036732027386285,2.199287832619205,0.0,2.273736754432321e-13,1.7745571723934537,1103.2256,0.0
delay,0.0,0.0,0.0,0.0,0.0,0.0,0.0,0.0,0.0,0.0,0.0,0.0,0.0,0.0,0.0,0.0,0.0,0.0,0.0,0.0,0.0,0.0,0.0,1768.7744000000002
downloadedSegment,3979632.0,6000.0,5076.0736,177.06057725341194,2.2019794257221053,169240.0,2104.7203380335072,241.2291984,80.4097328,0.0,0.0,0.0,0.0,0.0,3638.0,45.24327930610907,2.920643054157237,0.03632200919535,2.2019794257221053,0.0,2.2456659303035282e-13,1.7788498159013235,795.9264,0.0
delay,0.0,0.0,0.0,0.0,0.0,0.0,0.0,0.0,0.0,0.0,0.0,0.0,0.0,0.0,0.0,0.0,0.0,0.0,0.0,0.0,0.0,0.0,0.0,2076.0736
missingTrace,7622728.0,0.0,0.0,0.0,0.0,0.0,0.0,0.0,0.0,0.0,0.0,0.0,0.0,0.0,0.0,0.0,0.0,0.0,0.0,0.0,0.0,0.0,0.0,0.0
downloadedSegment,7622728.0,6000.0,4347.4544,179.2510155710638,2.1952883642656658,171296.0,2097.8632363517595,244.9578176,81.65260586666668,0.0,0.0,0.0,0.0,0.0,3638.0,44.55460987908474,2.920643054157237,0.0357691346547647,2.1952883642656658,0.0,2.3291937484428656e-13,1.7746266311706973,1524.5456,0.0
delay,0.0,0.0,0.0,0.0,0.0,0.0,0.0,0.0,0.0,0.0,0.0,0.0,0.0,0.0,0.0,0.0,0.0,0.0,0.0,0.0,0.0,0.0,0.0,1347.4543999999996
downloadedSegment,5750384.0,6000.0,4721.9232,181.44145388871564,2.1985499602635103,173352.0,2100.528983554971,247.5833488,82.52778293333334,0.0,0.0,0.0,0.0,0.0,3638.0,44.08212447605442,2.920643054157237,0.0353898160152509,2.1985499602635103,0.0,2.301131173160421e-13,1.7793673442748046,1150.0768,0.0
delay,0.0,0.0,0.0,0.0,0.0,0.0,0.0,0.0,0.0,0.0,0.0,0.0,0.0,0.0,0.0,0.0,0.0,0.0,0.0,0.0,0.0,0.0,0.0,1721.9232000000002
downloadedSegment,7269096.0,6000.0,4418.1808,183.6318922063675,2.19579123813885,175408.0,2097.4534699376354,250.8870912,83.6290304,0.0,0.0,0.0,0.0,0.0,3638.0,43.501640310778974,2.920643054157237,0.0349237942875544,2.19579123813885,0.0,2.382009933214812e-13,1.7786387051912649,1453.8192,0.0
delay,0.0,0.0,0.0,0.0,0.0,0.0,0.0,0.0,0.0,0.0,0.0,0.0,0.0,0.0,0.0,0.0,0.0,0.0,0.0,0.0,0.0,0.0,0.0,1418.1808
downloadedSegment,5069720.0,6000.0,4858.056,185.8223305240193,2.1995388245734686,177464.0,2100.6030699504704,253.447216,84.48240533333333,0.0,0.0,0.0,0.0,0.0,3638.0,43.06222089257433,2.920643054157237,0.0345710215355915,2.1995388245734686,0.0,2.460985663620865e-13,1.78376053950379,1013.9440000000002,0.0
delay,0.0,0.0,0.0,0.0,0.0,0.0,0.0,0.0,0.0,0.0,0.0,0.0,0.0,0.0,0.0,0.0,0.0,0.0,0.0,0.0,0.0,0.0,0.0,1858.056
missingTrace,6888272.0,0.0,0.0,0.0,0.0,0.0,0.0,0.0,0.0,0.0,0.0,0.0,0.0,0.0,0.0,0.0,0.0,0.0,0.0,0.0,0.0,0.0,0.0,0.0
downloadedSegment,6888272.0,6000.0,4494.3456,188.0127688416712,2.196317401411833,179520.0,2097.107033371147,256.8109264,85.60364213333334,0.0,0.0,0.0,0.0,0.0,3638.0,42.4981917747562,2.920643054157237,0.0341182101762462,2.196317401411833,0.0,2.4323695512531805e-13,1.7825600383650029,1377.6544,0.0
delay,0.0,0.0,0.0,0.0,0.0,0.0,0.0,0.0,0.0,0.0,0.0,0.0,0.0,0.0,0.0,0.0,0.0,0.0,0.0,0.0,0.0,0.0,0.0,1494.3455999999996
downloadedSegment,5099536.0,6000.0,4852.0928,190.20320715932303,2.199277816665772,181576.0,2099.5233193118647,259.4531792,86.48439306666666,0.0,0.0,0.0,0.0,0.0,3638.0,42.06539319985331,2.920643054157237,0.0337707527403915,2.199277816665772,0.0,2.404411280549121e-13,1.78691525044839,1019.9072,0.0
delay,0.0,0.0,0.0,0.0,0.0,0.0,0.0,0.0,0.0,0.0,0.0,0.0,0.0,0.0,0.0,0.0,0.0,0.0,0.0,0.0,0.0,0.0,0.0,1852.0928000000004
missingTrace,6997848.0,0.0,0.0,0.0,0.0,0.0,0.0,0.0,0.0,0.0,0.0,0.0,0.0,0.0,0.0,0.0,0.0,0.0,0.0,0.0,0.0,0.0,0.0,0.0
downloadedSegment,6997848.0,6000.0,4472.430399999999,192.3936454769749,2.1960000619303304,183632.0,2095.99377553585,262.8328416,87.6109472,0.0,0.0,0.0,0.0,0.0,3638.0,41.52449113117225,2.920643054157237,0.0333365081362484,2.1960000619303304,0.0,2.377088425088335e-13,1.7856115019600276,1399.5696,0.0
delay,0.0,0.0,0.0,0.0,0.0,0.0,0.0,0.0,0.0,0.0,0.0,0.0,0.0,0.0,0.0,0.0,0.0,0.0,0.0,0.0,0.0,0.0,0.0,1472.4303999999993
downloadedSegment,6322376.0,6000.0,4607.5248,194.5840837946268,2.197053823510478,185688.0,2096.6079158385883,265.6977472,88.56591573333333,0.0,0.0,0.0,0.0,0.0,3638.0,41.07675023599147,2.920643054157237,0.0329770547729796,2.197053823510478,0.0,2.350379566379477e-13,1.788191192934596,1264.4752,0.0
delay,0.0,0.0,0.0,0.0,0.0,0.0,0.0,0.0,0.0,0.0,0.0,0.0,0.0,0.0,0.0,0.0,0.0,0.0,0.0,0.0,0.0,0.0,0.0,1607.5248
missingTrace,6431816.0,0.0,0.0,0.0,0.0,0.0,0.0,0.0,0.0,0.0,0.0,0.0,0.0,0.0,0.0,0.0,0.0,0.0,0.0,0.0,0.0,0.0,0.0,0.0
downloadedSegment,6431816.0,6000.0,4585.6368,196.77452211227865,2.1968010112006726,187744.0,2095.983792106607,268.7196352,89.57321173333334,0.0,0.0,0.0,0.0,0.0,3638.0,40.61482143601838,2.920643054157237,0.032606211138797,2.1968010112006726,0.0,2.32426423786415e-13,1.789567244054589,1286.3632,0.0
delay,0.0,0.0,0.0,0.0,0.0,0.0,0.0,0.0,0.0,0.0,0.0,0.0,0.0,0.0,0.0,0.0,0.0,0.0,0.0,0.0,0.0,0.0,0.0,1585.6368000000002
downloadedSegment,4364824.0,6000.0,4999.035199999999,198.96496042993047,2.2000779942622803,189800.0,2098.7353874203304,271.3062368,90.43541226666667,0.0,0.0,0.0,0.0,0.0,3638.0,40.22760452810939,2.920643054157237,0.0322953473750431,2.2000779942622803,0.0,2.298722872612896e-13,1.794106015993481,872.9648,0.0
delay,0.0,0.0,0.0,0.0,0.0,0.0,0.0,0.0,0.0,0.0,0.0,0.0,0.0,0.0,0.0,0.0,0.0,0.0,0.0,0.0,0.0,0.0,0.0,1999.0352
missingTrace,7364392.0,0.0,0.0,0.0,0.0,0.0,0.0,0.0,0.0,0.0,0.0,0.0,0.0,0.0,0.0,0.0,0.0,0.0,0.0,0.0,0.0,0.0,0.0,0.0
downloadedSegment,7364392.0,6000.0,4399.1216,201.15539874758232,2.1951716808251773,191856.0,2093.68906138522,274.9061504,91.63538346666668,0.0,0.0,0.0,0.0,0.0,3638.0,39.70082147714656,2.920643054157237,0.031872437738198,2.1951716808251773,0.0,2.273736754432321e-13,1.7912370052551214,1472.8784,0.0
delay,0.0,0.0,0.0,0.0,0.0,0.0,0.0,0.0,0.0,0.0,0.0,0.0,0.0,0.0,0.0,0.0,0.0,0.0,0.0,0.0,0.0,0.0,0.0,1399.1216000000004
downloadedSegment,5695752.0,6000.0,4732.8496,203.3458370652341,2.197759798761992,193912.0,2095.7989809293103,277.5724224,92.5241408,0.0,0.0,0.0,0.0,0.0,3638.0,39.31946807119121,2.920643054157237,0.0315662812851242,2.197759798761992,0.0,2.249287972126597e-13,1.79510418460258,1139.1504,0.0
delay,0.0,0.0,0.0,0.0,0.0,0.0,0.0,0.0,0.0,0.0,0.0,0.0,0.0,0.0,0.0,0.0,0.0,0.0,0.0,0.0,0.0,0.0,0.0,1732.8495999999996
missingTrace,6964448.0,0.0,0.0,0.0,0.0,0.0,0.0,0.0,0.0,0.0,0.0,0.0,0.0,0.0,0.0,0.0,0.0,0.0,0.0,0.0,0.0,0.0,0.0,0.0
downloadedSegment,6964448.0,6000.0,4479.1104,205.53627538288603,2.1956958092349543,195968.0,2093.4801681240515,280.8261616,93.60872053333333,0.0,0.0,0.0,0.0,0.0,3638.0,38.86390049209717,2.920643054157237,0.0312005445381257,2.1956958092349543,0.0,2.3221141321862e-13,1.7947534292428382,1392.8896000000002,0.0
delay,0.0,0.0,0.0,0.0,0.0,0.0,0.0,0.0,0.0,0.0,0.0,0.0,0.0,0.0,0.0,0.0,0.0,0.0,0.0,0.0,0.0,0.0,0.0,1479.1103999999996
downloadedSegment,4498536.0,6000.0,4972.2928,207.72671370053789,2.199462070603935,198024.0,2096.727326544837,283.3329792,94.4443264,0.0,0.0,0.0,0.0,0.0,3638.0,38.52004814552841,2.920643054157237,0.0309244945195271,2.199462070603935,0.0,2.2976708255316093e-13,1.7996391834736838,899.7072000000001,0.0
delay,0.0,0.0,0.0,0.0,0.0,0.0,0.0,0.0,0.0,0.0,0.0,0.0,0.0,0.0,0.0,0.0,0.0,0.0,0.0,0.0,0.0,0.0,0.0,1972.2928
downloadedSegment,6526568.0,6000.0,4566.6864,209.9171520181897,2.196256408033873,200080.0,2093.335289158935,286.7385856,95.57952853333332,0.0,0.0,0.0,0.0,0.0,3638.0,38.06254389224413,2.920643054157237,0.0305572029803292,2.196256408033873,0.0,2.3684757858670013e-13,1.7982180696811323,1305.3136000000002,0.0
delay,0.0,0.0,0.0,0.0,0.0,0.0,0.0,0.0,0.0,0.0,0.0,0.0,0.0,0.0,0.0,0.0,0.0,0.0,0.0,0.0,0.0,0.0,0.0,1566.6863999999996
downloadedSegment,6720704.0,6000.0,4527.8592,212.1075903358416,2.195901898836764,202136.0,2092.668279906736,289.7774128,96.59247093333332,0.0,0.0,0.0,0.0,0.0,3638.0,37.663390995669765,2.920643054157237,0.030236756818997,2.195901898836764,0.0,2.437820850113003e-13,1.7993442014853618,1344.1408,0.0
delay,0.0,0.0,0.0,0.0,0.0,0.0,0.0,0.0,0.0,0.0,0.0,0.0,0.0,0.0,0.0,0.0,0.0,0.0,0.0,0.0,0.0,0.0,0.0,1527.8592
missingTrace,5838928.0,0.0,0.0,0.0,0.0,0.0,0.0,0.0,0.0,0.0,0.0,0.0,0.0,0.0,0.0,0.0,0.0,0.0,0.0,0.0,0.0,0.0,0.0,0.0
downloadedSegment,5838928.0,6000.0,4704.2144,214.29802865349345,2.197169385625899,204192.0,2093.553608536239,292.6010576,97.53368586666669,0.0,0.0,0.0,0.0,0.0,3638.0,37.299933532434366,2.920643054157237,0.0299449675074301,2.197169385625899,0.0,2.50575070896623e-13,1.801912474846025,1167.7856000000002,0.0
delay,0.0,0.0,0.0,0.0,0.0,0.0,0.0,0.0,0.0,0.0,0.0,0.0,0.0,0.0,0.0,0.0,0.0,0.0,0.0,0.0,0.0,0.0,0.0,1704.2143999999998
downloadedSegment,5680496.0,6000.0,4735.900799999999,216.4884669711453,2.1973366126423453,206248.0,2093.3968817131617,295.5693712,98.52312373333334,0.0,0.0,0.0,0.0,0.0,3638.0,36.92534160657307,2.920643054157237,0.0296442392758715,2.1973366126423453,0.0,2.480440095744349e-13,1.8034702045836548,1136.0992,0.0
delay,0.0,0.0,0.0,0.0,0.0,0.0,0.0,0.0,0.0,0.0,0.0,0.0,0.0,0.0,0.0,0.0,0.0,0.0,0.0,0.0,0.0,0.0,0.0,1735.9007999999994
missingTrace,12312192.0,0.0,0.0,0.0,0.0,0.0,0.0,0.0,0.0,0.0,0.0,0.0,0.0,0.0,0.0,0.0,0.0,0.0,0.0,0.0,0.0,0.0,0.0,0.0
downloadedSegment,12312192.0,6000.0,3409.5616000000005,218.67890528879715,2.187549515101005,208304.0,2083.7643831800538,299.8957104,99.9652368,0.0,0.0,0.0,0.0,0.0,3638.0,36.39265125013939,2.920643054157237,0.0292165871622007,2.187549515101005,0.0,2.3646862246096125e-13,1.796032551597316,2462.4384,0.0
delay,0.0,0.0,0.0,0.0,0.0,0.0,0.0,0.0,0.0,0.0,0.0,0.0,0.0,0.0,0.0,0.0,0.0,0.0,0.0,0.0,0.0,0.0,0.0,409.5616000000009
downloadedSegment,1097296.0,6000.0,5652.5408,220.869343606449,2.2038982588805003,210360.0,2099.0329856015624,300.6527312,100.21757706666666,0.0,0.0,0.0,0.0,0.0,3638.0,36.30101731136378,2.920643054157237,0.0291430220091468,2.2038982588805003,0.0,2.1611755289653732e-13,1.8121257484758828,219.45919999999995,0.0
delay,0.0,0.0,0.0,0.0,0.0,0.0,0.0,0.0,0.0,0.0,0.0,0.0,0.0,0.0,0.0,0.0,0.0,0.0,0.0,0.0,0.0,0.0,0.0,2652.540799999999
delay,0.0,0.0,0.0,0.0,0.0,0.0,0.0,0.0,0.0,0.0,0.0,0.0,0.0,0.0,0.0,0.0,0.0,0.0,0.0,0.0,0.0,0.0,0.0,9.094947017729282e-13
missingTrace,4795584.0,0.0,0.0,0.0,0.0,0.0,0.0,0.0,0.0,0.0,0.0,0.0,0.0,0.0,0.0,0.0,0.0,0.0,0.0,0.0,0.0,0.0,0.0,0.0
downloadedSegment,4795584.0,6000.0,4912.8832,223.0597819241009,2.198410244127308,212416.0,2093.508324936145,304.3923888,101.4641296,0.0,0.0,0.0,0.0,0.0,3638.0,35.8550358076496,2.920643054157237,0.0287849811127462,2.198410244127308,0.0,2.1399875335833605e-13,1.8085380064328385,959.1168,0.0
delay,0.0,0.0,0.0,0.0,0.0,0.0,0.0,0.0,0.0,0.0,0.0,0.0,0.0,0.0,0.0,0.0,0.0,0.0,0.0,0.0,0.0,0.0,0.0,1912.8832
downloadedSegment,7176608.0,6000.0,4436.6784,225.25022024175271,2.1949321066611653,214472.0,2089.904632610762,307.8685936,102.62286453333334,0.0,0.0,0.0,0.0,0.0,3638.0,35.45018955126055,2.920643054157237,0.0284599642334927,2.1949321066611653,0.0,2.119210955587405e-13,1.806737094451928,1435.3216,0.0
delay,0.0,0.0,0.0,0.0,0.0,0.0,0.0,0.0,0.0,0.0,0.0,0.0,0.0,0.0,0.0,0.0,0.0,0.0,0.0,0.0,0.0,0.0,0.0,1436.6783999999998
missingTrace,6789640.0,0.0,0.0,0.0,0.0,0.0,0.0,0.0,0.0,0.0,0.0,0.0,0.0,0.0,0.0,0.0,0.0,0.0,0.0,0.0,0.0,0.0,0.0,0.0
downloadedSegment,6789640.0,6000.0,4514.072,227.44065855940457,2.195435313735439,216528.0,2090.09778912659,310.7912,103.59706666666668,0.0,0.0,0.0,0.0,0.0,3638.0,35.11682441459089,2.920643054157237,0.0281923335103172,2.195435313735439,0.0,2.098833927168297e-13,1.8085019912418143,1357.928,0.0
delay,0.0,0.0,0.0,0.0,0.0,0.0,0.0,0.0,0.0,0.0,0.0,0.0,0.0,0.0,0.0,0.0,0.0,0.0,0.0,0.0,0.0,0.0,0.0,1514.072
downloadedSegment,6198864.0,6000.0,4632.227199999999,229.6310968770564,2.196214504406689,218584.0,2090.5589781172043,313.6730448,104.5576816,0.0,0.0,0.0,0.0,0.0,3638.0,34.794191534560575,2.920643054157237,0.027933318809904,2.196214504406689,0.0,2.1654635756498285e-13,1.810498866185085,1239.7728000000002,0.0
delay,0.0,0.0,0.0,0.0,0.0,0.0,0.0,0.0,0.0,0.0,0.0,0.0,0.0,0.0,0.0,0.0,0.0,0.0,0.0,0.0,0.0,0.0,0.0,1632.2271999999994
missingTrace,5137384.0,0.0,0.0,0.0,0.0,0.0,0.0,0.0,0.0,0.0,0.0,0.0,0.0,0.0,0.0,0.0,0.0,0.0,0.0,0.0,0.0,0.0,0.0,0.0
downloadedSegment,5137384.0,6000.0,4844.5232,231.82153519470828,2.1976330657791983,220640.0,2091.633804539617,316.4607488,105.48691626666668,0.0,0.0,0.0,0.0,0.0,3638.0,34.4876893623782,2.920643054157237,0.0276872540929528,2.1976330657791983,0.0,2.230836060952465e-13,1.8130556537352929,1027.4768,0.0
delay,0.0,0.0,0.0,0.0,0.0,0.0,0.0,0.0,0.0,0.0,0.0,0.0,0.0,0.0,0.0,0.0,0.0,0.0,0.0,0.0,0.0,0.0,0.0,1844.5232
downloadedSegment,6315576.0,6000.0,4608.8848,234.01197351236013,2.1959457430399154,222696.0,2089.7577412473183,319.6963872,106.5654624,0.0,0.0,0.0,0.0,0.0,3638.0,34.13864040062571,2.920643054157237,0.0274070321507584,2.1959457430399154,0.0,2.294986630641968e-13,1.8128001286287203,1263.1152000000002,0.0
delay,0.0,0.0,0.0,0.0,0.0,0.0,0.0,0.0,0.0,0.0,0.0,0.0,0.0,0.0,0.0,0.0,0.0,0.0,0.0,0.0,0.0,0.0,0.0,1608.8847999999998
missingTrace,6108904.0,0.0,0.0,0.0,0.0,0.0,0.0,0.0,0.0,0.0,0.0,0.0,0.0,0.0,0.0,0.0,0.0,0.0,0.0,0.0,0.0,0.0,0.0,0.0
downloadedSegment,6108904.0,6000.0,4650.2192,236.202411830012,2.196175852015158,224752.0,2089.7115794369483,322.6550528,107.55168426666668,0.0,0.0,0.0,0.0,0.0,3638.0,33.825597663164814,2.920643054157237,0.0271557165661461,2.196175852015158,0.0,2.189524282045938e-13,1.8142532831813185,1221.7808,0.0
delay,0.0,0.0,0.0,0.0,0.0,0.0,0.0,0.0,0.0,0.0,0.0,0.0,0.0,0.0,0.0,0.0,0.0,0.0,0.0,0.0,0.0,0.0,0.0,1650.2191999999995
downloadedSegment,6070176.0,6000.0,4657.964800000001,238.39285014766384,2.196175232008771,226808.0,2089.4507184796403,325.6473072,108.5491024,0.0,0.0,0.0,0.0,0.0,3638.0,33.514786576438794,2.920643054157237,0.026906192585497,2.196175232008771,0.0,2.085997022414973e-13,1.815483125587677,1214.0352,0.0
delay,0.0,0.0,0.0,0.0,0.0,0.0,0.0,0.0,0.0,0.0,0.0,0.0,0.0,0.0,0.0,0.0,0.0,0.0,0.0,0.0,0.0,0.0,0.0,1657.9648000000009
missingTrace,6194512.0,0.0,0.0,0.0,0.0,0.0,0.0,0.0,0.0,0.0,0.0,0.0,0.0,0.0,0.0,0.0,0.0,0.0,0.0,0.0,0.0,0.0,0.0,0.0
downloadedSegment,6194512.0,6000.0,4633.097599999999,240.5832884653157,2.195956705837728,228864.0,2088.987305522265,328.6721744,109.55739146666669,0.0,0.0,0.0,0.0,0.0,3638.0,33.20634008620841,2.920643054157237,0.0266585669397382,2.195956705837728,0.0,2.149714749645103e-13,1.816501304449339,1238.9024000000002,0.0
delay,0.0,0.0,0.0,0.0,0.0,0.0,0.0,0.0,0.0,0.0,0.0,0.0,0.0,0.0,0.0,0.0,0.0,0.0,0.0,0.0,0.0,0.0,0.0,1633.0975999999991
downloadedSegment,6473976.0,6000.0,4577.2048,242.7737267829676,2.1955368036729777,230920.0,2088.337010031571,331.7280672,110.5760224,0.0,0.0,0.0,0.0,0.0,3638.0,32.90044189543935,2.920643054157237,0.0264129871084713,2.1955368036729777,0.0,2.1303479500987505e-13,1.8173228109411024,1294.7952,0.0
delay,0.0,0.0,0.0,0.0,0.0,0.0,0.0,0.0,0.0,0.0,0.0,0.0,0.0,0.0,0.0,0.0,0.0,0.0,0.0,0.0,0.0,0.0,0.0,1577.2048000000004
missingTrace,5947200.0,0.0,0.0,0.0,0.0,0.0,0.0,0.0,0.0,0.0,0.0,0.0,0.0,0.0,0.0,0.0,0.0,0.0,0.0,0.0,0.0,0.0,0.0,0.0
downloadedSegment,5947200.0,6000.0,4682.56,244.9641651006194,2.196182353879967,232976.0,2088.704606518161,334.622712,111.540904,0.0,0.0,0.0,0.0,0.0,3638.0,32.61583750477762,2.920643054157237,0.0261845022715365,2.196182353879967,0.0,2.1113269862585842e-13,1.819088028272928,1189.44,0.0
delay,0.0,0.0,0.0,0.0,0.0,0.0,0.0,0.0,0.0,0.0,0.0,0.0,0.0,0.0,0.0,0.0,0.0,0.0,0.0,0.0,0.0,0.0,0.0,1682.5599999999995
missingTrace,8431448.0,0.0,0.0,0.0,0.0,0.0,0.0,0.0,0.0,0.0,0.0,0.0,0.0,0.0,0.0,0.0,0.0,0.0,0.0,0.0,0.0,0.0,0.0,0.0
downloadedSegment,8431448.0,6000.0,4185.7104,247.15460341827125,2.192904210410563,235032.0,2085.3451857782134,338.1195616,112.70652053333332,0.0,0.0,0.0,0.0,0.0,3638.0,32.27852286438076,2.920643054157237,0.0259137008252636,2.192904210410563,0.0,2.092642676645676e-13,1.8173080928930865,1686.2896,0.0
delay,0.0,0.0,0.0,0.0,0.0,0.0,0.0,0.0,0.0,0.0,0.0,0.0,0.0,0.0,0.0,0.0,0.0,0.0,0.0,0.0,0.0,0.0,0.0,1185.7104
downloadedSegment,5175120.0,6000.0,4836.976000000001,249.3450417359231,2.197077184560437,237088.0,2089.0755713712624,340.46829599999995,113.489432,0.0,0.0,0.0,0.0,0.0,3638.0,32.05584816038202,2.920643054157237,0.0257349341052058,2.197077184560437,0.0,2.1540663989358825e-13,1.8222154547906608,1035.024,0.0
delay,0.0,0.0,0.0,0.0,0.0,0.0,0.0,0.0,0.0,0.0,0.0,0.0,0.0,0.0,0.0,0.0,0.0,0.0,0.0,0.0,0.0,0.0,0.0,1836.9760000000008
missingTrace,5204776.0,0.0,0.0,0.0,0.0,0.0,0.0,0.0,0.0,0.0,0.0,0.0,0.0,0.0,0.0,0.0,0.0,0.0,0.0,0.0,0.0,0.0,0.0,0.0
downloadedSegment,5204776.0,6000.0,4831.0448,251.53548005357496,2.196981259153772,239144.0,2088.7506053904003,343.47422720000003,114.49140906666668,0.0,0.0,0.0,0.0,0.0,3638.0,31.7753098652288,2.920643054157237,0.025509713593066,2.196981259153772,0.0,2.214421882577564e-13,1.8232725122890785,1040.9552,0.0
delay,0.0,0.0,0.0,0.0,0.0,0.0,0.0,0.0,0.0,0.0,0.0,0.0,0.0,0.0,0.0,0.0,0.0,0.0,0.0,0.0,0.0,0.0,0.0,1831.0448
downloadedSegment,6768504.0,6000.0,4518.2992,253.7259183712268,2.194943336446116,241200.0,2086.583570765551,346.7869728,115.5956576,0.0,0.0,0.0,0.0,0.0,3638.0,31.47177044131457,2.920643054157237,0.025266027416563,2.194943336446116,0.0,2.1953320387622402e-13,1.822568697289083,1353.7008,0.0
delay,0.0,0.0,0.0,0.0,0.0,0.0,0.0,0.0,0.0,0.0,0.0,0.0,0.0,0.0,0.0,0.0,0.0,0.0,0.0,0.0,0.0,0.0,0.0,1518.2991999999997
downloadedSegment,5554536.0,6000.0,4761.0928,255.91635668887864,2.19642928062421,243256.0,2087.77042624545,349.54417920000003,116.5147264,0.0,0.0,0.0,0.0,0.0,3638.0,31.223520943701068,2.920643054157237,0.0250667288539179,2.19642928062421,0.0,2.1765685170634178e-13,1.8250191597455525,1110.9072,0.0
delay,0.0,0.0,0.0,0.0,0.0,0.0,0.0,0.0,0.0,0.0,0.0,0.0,0.0,0.0,0.0,0.0,0.0,0.0,0.0,0.0,0.0,0.0,0.0,1761.0928000000004
downloadedSegment,6435248.0,6000.0,4584.9504,258.10679500653055,2.195281466934316,245312.0,2086.457612256838,352.72032160000003,117.57344053333334,0.0,0.0,0.0,0.0,0.0,3638.0,30.94236235239359,2.920643054157237,0.0248410103583657,2.195281466934316,0.0,2.1581230211561012e-13,1.82508923086512,1287.0496,0.0
delay,0.0,0.0,0.0,0.0,0.0,0.0,0.0,0.0,0.0,0.0,0.0,0.0,0.0,0.0,0.0,0.0,0.0,0.0,0.0,0.0,0.0,0.0,0.0,1584.9503999999995
missingTrace,6443768.0,0.0,0.0,0.0,0.0,0.0,0.0,0.0,0.0,0.0,0.0,0.0,0.0,0.0,0.0,0.0,0.0,0.0,0.0,0.0,0.0,0.0,0.0,0.0
downloadedSegment,6443768.0,6000.0,4583.2464,260.2972333241824,2.19523010602284,247368.0,2086.190751748604,355.7220256,118.57400853333333,0.0,0.0,0.0,0.0,0.0,3638.0,30.681260126052766,2.920643054157237,0.0246313934249443,2.19523010602284,0.0,2.13998753358336e-13,1.8261313006583928,1288.7536,0.0
delay,0.0,0.0,0.0,0.0,0.0,0.0,0.0,0.0,0.0,0.0,0.0,0.0,0.0,0.0,0.0,0.0,0.0,0.0,0.0,0.0,0.0,0.0,0.0,1583.2464
downloadedSegment,5168280.0,6000.0,4838.344,262.48767164183425,2.19675220617703,249424.0,2087.422692449887,358.466928,119.488976,0.0,0.0,0.0,0.0,0.0,3638.0,30.446323349528072,2.920643054157237,0.0244427825221067,2.19675220617703,0.0,2.197945529284576e-13,1.828575621610772,1033.6560000000002,0.0
delay,0.0,0.0,0.0,0.0,0.0,0.0,0.0,0.0,0.0,0.0,0.0,0.0,0.0,0.0,0.0,0.0,0.0,0.0,0.0,0.0,0.0,0.0,0.0,1838.344
missingTrace,7181584.0,0.0,0.0,0.0,0.0,0.0,0.0,0.0,0.0,0.0,0.0,0.0,0.0,0.0,0.0,0.0,0.0,0.0,0.0,0.0,0.0,0.0,0.0,0.0
downloadedSegment,7181584.0,6000.0,4435.6832,264.6781099594861,2.194255484445557,251480.0,2084.8394652388656,361.8695888,120.62319626666664,0.0,0.0,0.0,0.0,0.0,3638.0,30.160036482181457,2.920643054157237,0.0242129469666883,2.194255484445557,0.0,2.1797806901995801e-13,1.827395743301988,1436.3168,0.0
delay,0.0,0.0,0.0,0.0,0.0,0.0,0.0,0.0,0.0,0.0,0.0,0.0,0.0,0.0,0.0,0.0,0.0,0.0,0.0,0.0,0.0,0.0,0.0,1435.6831999999995
downloadedSegment,5732056.0,6000.0,4725.5888,266.868548277138,2.1959688971264484,253536.0,2086.259972919961,364.5796832,121.52656106666666,0.0,0.0,0.0,0.0,0.0,3638.0,29.935842568640428,2.920643054157237,0.0240329606015514,2.1959688971264484,0.0,2.1619136353618785e-13,1.829986205966744,1146.4112,0.0
delay,0.0,0.0,0.0,0.0,0.0,0.0,0.0,0.0,0.0,0.0,0.0,0.0,0.0,0.0,0.0,0.0,0.0,0.0,0.0,0.0,0.0,0.0,0.0,1725.5887999999995
missingTrace,6105624.0,0.0,0.0,0.0,0.0,0.0,0.0,0.0,0.0,0.0,0.0,0.0,0.0,0.0,0.0,0.0,0.0,0.0,0.0,0.0,0.0,0.0,0.0,0.0
downloadedSegment,6105624.0,6000.0,4650.8752,269.0589865947898,2.1954775104279927,255592.0,2085.589093109956,367.6543968,122.5514656,0.0,0.0,0.0,0.0,0.0,3638.0,29.685487498568108,2.920643054157237,0.0238319716525465,2.1954775104279927,0.0,2.1443371017410499e-13,1.8305846255315128,1221.1248,0.0
delay,0.0,0.0,0.0,0.0,0.0,0.0,0.0,0.0,0.0,0.0,0.0,0.0,0.0,0.0,0.0,0.0,0.0,0.0,0.0,0.0,0.0,0.0,0.0,1650.8752000000004
downloadedSegment,6311000.0,6000.0,4609.8,271.24942491244167,2.195193457171025,257648.0,2085.118536327846,370.695472,123.56515733333332,0.0,0.0,0.0,0.0,0.0,3638.0,29.441956604206915,2.920643054157237,0.0236364612580746,2.195193457171025,0.0,2.127044060597977e-13,1.8313572378181064,1262.2,0.0
delay,0.0,0.0,0.0,0.0,0.0,0.0,0.0,0.0,0.0,0.0,0.0,0.0,0.0,0.0,0.0,0.0,0.0,0.0,0.0,0.0,0.0,0.0,0.0,1609.8000000000002
missingTrace,6998512.0,0.0,0.0,0.0,0.0,0.0,0.0,0.0,0.0,0.0,0.0,0.0,0.0,0.0,0.0,0.0,0.0,0.0,0.0,0.0,0.0,0.0,0.0,0.0
downloadedSegment,6998512.0,6000.0,4472.2976,273.4398632300935,2.19434786620118,259704.0,2084.117917234216,373.8329744,124.61099146666668,0.0,0.0,0.0,0.0,0.0,3638.0,29.19485638610909,2.920643054157237,0.0234380853549223,2.19434786620118,0.0,2.110027708113193e-13,1.831613430190669,1399.7024,0.0
delay,0.0,0.0,0.0,0.0,0.0,0.0,0.0,0.0,0.0,0.0,0.0,0.0,0.0,0.0,0.0,0.0,0.0,0.0,0.0,0.0,0.0,0.0,0.0,1472.2976
downloadedSegment,4608840.0,6000.0,4950.232,275.6303015477454,2.1971033113924454,261760.0,2086.540411415774,376.35504,125.45168,0.0,0.0,0.0,0.0,0.0,3638.0,28.99921308347565,2.920643054157237,0.0232810198648375,2.1971033113924454,0.0,2.093281456461501e-13,1.8350936304731849,921.768,0.0
delay,0.0,0.0,0.0,0.0,0.0,0.0,0.0,0.0,0.0,0.0,0.0,0.0,0.0,0.0,0.0,0.0,0.0,0.0,0.0,0.0,0.0,0.0,0.0,1950.232
missingTrace,5709464.0,0.0,0.0,0.0,0.0,0.0,0.0,0.0,0.0,0.0,0.0,0.0,0.0,0.0,0.0,0.0,0.0,0.0,0.0,0.0,0.0,0.0,0.0,0.0
downloadedSegment,5709464.0,6000.0,4730.1072,277.82073986539723,2.1957764808858005,263816.0,2085.0889978985265,379.5751648,126.52505493333332,0.0,0.0,0.0,0.0,0.0,3638.0,28.75319834412939,2.920643054157237,0.0230835154009309,2.1957764808858005,0.0,2.076798925308261e-13,1.834897486733704,1141.8928,0.0
delay,0.0,0.0,0.0,0.0,0.0,0.0,0.0,0.0,0.0,0.0,0.0,0.0,0.0,0.0,0.0,0.0,0.0,0.0,0.0,0.0,0.0,0.0,0.0,1730.1071999999997
missingTrace,7054016.0,0.0,0.0,0.0,0.0,0.0,0.0,0.0,0.0,0.0,0.0,0.0,0.0,0.0,0.0,0.0,0.0,0.0,0.0,0.0,0.0,0.0,0.0,0.0
downloadedSegment,7054016.0,6000.0,4461.1968,280.0111781830491,2.1941923330282926,265872.0,2083.396483498721,382.8440752,127.61469173333334,0.0,0.0,0.0,0.0,0.0,3638.0,28.50768944066448,2.920643054157237,0.0228864170299473,2.1941923330282926,0.0,2.06057393370429e-13,1.834457946562573,1410.8032,0.0
delay,0.0,0.0,0.0,0.0,0.0,0.0,0.0,0.0,0.0,0.0,0.0,0.0,0.0,0.0,0.0,0.0,0.0,0.0,0.0,0.0,0.0,0.0,0.0,1461.1967999999997
downloadedSegment,5956400.0,6000.0,4680.719999999999,282.20161650070094,2.195412208873316,267928.0,2084.3693583078702,385.6245520000001,128.54151733333333,0.0,0.0,0.0,0.0,0.0,3638.0,28.302139849228272,2.920643054157237,0.022721398616942,2.195412208873316,0.0,2.1151039576114605e-13,1.83652533025454,1191.2800000000002,0.0
delay,0.0,0.0,0.0,0.0,0.0,0.0,0.0,0.0,0.0,0.0,0.0,0.0,0.0,0.0,0.0,0.0,0.0,0.0,0.0,0.0,0.0,0.0,0.0,1680.7199999999991
missingTrace,7025664.0,0.0,0.0,0.0,0.0,0.0,0.0,0.0,0.0,0.0,0.0,0.0,0.0,0.0,0.0,0.0,0.0,0.0,0.0,0.0,0.0,0.0,0.0,0.0
downloadedSegment,7025664.0,6000.0,4466.867200000001,284.3920548183528,2.194166404149023,269984.0,2083.004122024934,388.8384048,129.6128016,0.0,0.0,0.0,0.0,0.0,3638.0,28.068215138403424,2.920643054157237,0.0225336002162091,2.194166404149023,0.0,2.098833927168297e-13,1.8363685939813168,1405.1328,0.0
delay,0.0,0.0,0.0,0.0,0.0,0.0,0.0,0.0,0.0,0.0,0.0,0.0,0.0,0.0,0.0,0.0,0.0,0.0,0.0,0.0,0.0,0.0,0.0,1466.8672000000006
downloadedSegment,4617520.0,6000.0,4948.495999999999,286.58249313600464,2.1968381081716952,272040.0,2085.360596899439,391.356776,130.4522586666667,0.0,0.0,0.0,0.0,0.0,3638.0,27.887596866343767,2.920643054157237,0.022388597054652,2.1968381081716952,0.0,2.152239370607692e-13,1.8397191637905643,923.504,0.0
delay,0.0,0.0,0.0,0.0,0.0,0.0,0.0,0.0,0.0,0.0,0.0,0.0,0.0,0.0,0.0,0.0,0.0,0.0,0.0,0.0,0.0,0.0,0.0,1948.4959999999992
missingTrace,6889000.0,0.0,0.0,0.0,0.0,0.0,0.0,0.0,0.0,0.0,0.0,0.0,0.0,0.0,0.0,0.0,0.0,0.0,0.0,0.0,0.0,0.0,0.0,0.0
downloadedSegment,6889000.0,6000.0,4494.200000000001,288.7729314536565,2.1942616501924483,274096.0,2082.7379430736937,394.811072,131.6036906666667,0.0,0.0,0.0,0.0,0.0,3638.0,27.64360164651107,2.920643054157237,0.0221927138924607,2.1942616501924483,0.0,2.2048356406616445e-13,1.8383488169734263,1377.8000000000002,0.0
delay,0.0,0.0,0.0,0.0,0.0,0.0,0.0,0.0,0.0,0.0,0.0,0.0,0.0,0.0,0.0,0.0,0.0,0.0,0.0,0.0,0.0,0.0,0.0,1494.2000000000007
downloadedSegment,5119504.0,6000.0,4848.0992,290.96336977130835,2.196186580719132,276152.0,2084.3906128645417,397.4571728,132.4857242666667,0.0,0.0,0.0,0.0,0.0,3638.0,27.45956230482199,2.920643054157237,0.0220449642429291,2.196186580719132,0.0,2.2566409893614005e-13,1.8410085268898029,1023.9008,0.0
delay,0.0,0.0,0.0,0.0,0.0,0.0,0.0,0.0,0.0,0.0,0.0,0.0,0.0,0.0,0.0,0.0,0.0,0.0,0.0,0.0,0.0,0.0,0.0,1848.0992
missingTrace,6447976.0,0.0,0.0,0.0,0.0,0.0,0.0,0.0,0.0,0.0,0.0,0.0,0.0,0.0,0.0,0.0,0.0,0.0,0.0,0.0,0.0,0.0,0.0,0.0
downloadedSegment,6447976.0,6000.0,4582.404799999999,293.1538080889602,2.19468739184266,278208.0,2082.796037650232,400.7228672,133.5742890666667,0.0,0.0,0.0,0.0,0.0,3638.0,27.235780369261644,2.920643054157237,0.0218653086201308,2.19468739184266,0.0,2.239800384963181e-13,1.8405857000207284,1289.5952000000002,0.0
delay,0.0,0.0,0.0,0.0,0.0,0.0,0.0,0.0,0.0,0.0,0.0,0.0,0.0,0.0,0.0,0.0,0.0,0.0,0.0,0.0,0.0,0.0,0.0,1582.404799999999
downloadedSegment,5868392.0,6000.0,4698.3216,295.34424640661206,2.195286127609353,280264.0,2083.195046980044,403.6069504,134.53565013333332,0.0,0.0,0.0,0.0,0.0,3638.0,27.04115969554919,2.920643054157237,0.021709064112469,2.195286127609353,0.0,2.155839293091385e-13,1.8420355855736432,1173.6784,0.0
delay,0.0,0.0,0.0,0.0,0.0,0.0,0.0,0.0,0.0,0.0,0.0,0.0,0.0,0.0,0.0,0.0,0.0,0.0,0.0,0.0,0.0,0.0,0.0,1698.3216000000002
missingTrace,6577016.0,0.0,0.0,0.0,0.0,0.0,0.0,0.0,0.0,0.0,0.0,0.0,0.0,0.0,0.0,0.0,0.0,0.0,0.0,0.0,0.0,0.0,0.0,0.0
downloadedSegment,6577016.0,6000.0,4556.596799999999,297.5346847242639,2.1944854614065914,282320.0,2082.2686136188304,406.7486752,135.58289173333333,0.0,0.0,0.0,0.0,0.0,3638.0,26.832293908845656,2.920643054157237,0.0215413834062604,2.1944854614065914,0.0,2.1399875335833605e-13,1.842220300618564,1315.4032000000002,0.0
delay,0.0,0.0,0.0,0.0,0.0,0.0,0.0,0.0,0.0,0.0,0.0,0.0,0.0,0.0,0.0,0.0,0.0,0.0,0.0,0.0,0.0,0.0,0.0,1556.5967999999991
downloadedSegment,7880208.0,6000.0,4295.9584,299.72512304191577,2.1930608386202946,284376.0,2080.752733417908,410.0093136,136.6697712,0.0,0.0,0.0,0.0,0.0,3638.0,26.61890751742182,2.920643054157237,0.0213700734881835,2.1930608386202946,0.0,2.124367186622897e-13,1.841834842365965,1576.0416,0.0
delay,0.0,0.0,0.0,0.0,0.0,0.0,0.0,0.0,0.0,0.0,0.0,0.0,0.0,0.0,0.0,0.0,0.0,0.0,0.0,0.0,0.0,0.0,0.0,1295.9583999999995
downloadedSegment,6182408.0,6000.0,4635.518400000001,301.9155613595676,2.1948463054955107,286432.0,2082.2849082196462,412.6697536,137.55658453333334,0.0,0.0,0.0,0.0,0.0,3638.0,26.447298123474585,2.920643054157237,0.0212323027942693,2.1948463054955107,0.0,2.1089732215024418e-13,1.8443206177100184,1236.4816,0.0
delay,0.0,0.0,0.0,0.0,0.0,0.0,0.0,0.0,0.0,0.0,0.0,0.0,0.0,0.0,0.0,0.0,0.0,0.0,0.0,0.0,0.0,0.0,0.0,1635.5184000000008
downloadedSegment,4166800.0,6000.0,5038.639999999999,304.1059996772195,2.196945116051748,288488.0,2084.1164045176643,415.266632,138.42221066666667,0.0,0.0,0.0,0.0,0.0,3638.0,26.28190940224641,2.920643054157237,0.0210995261532877,2.196945116051748,0.0,2.093800752283e-13,1.847080472608814,833.36,0.0
delay,0.0,0.0,0.0,0.0,0.0,0.0,0.0,0.0,0.0,0.0,0.0,0.0,0.0,0.0,0.0,0.0,0.0,0.0,0.0,0.0,0.0,0.0,0.0,2038.64
missingTrace,8079928.0,0.0,0.0,0.0,0.0,0.0,0.0,0.0,0.0,0.0,0.0,0.0,0.0,0.0,0.0,0.0,0.0,0.0,0.0,0.0,0.0,0.0,0.0,0.0
downloadedSegment,8079928.0,6000.0,4256.0144,306.2964379948713,2.192795470507031,290544.0,2080.0227758236697,419.0492576,139.68308586666666,0.0,0.0,0.0,0.0,0.0,3638.0,26.04467088787416,2.920643054157237,0.0209090673794614,2.192795470507031,0.0,2.0788450326238362e-13,1.8442255304555428,1615.9856,0.0
delay,0.0,0.0,0.0,0.0,0.0,0.0,0.0,0.0,0.0,0.0,0.0,0.0,0.0,0.0,0.0,0.0,0.0,0.0,0.0,0.0,0.0,0.0,0.0,1256.0144
downloadedSegment,4062744.0,6000.0,5059.4512,308.4868763125232,2.196960974425813,292600.0,2083.818893046689,421.2458208,140.4152736,0.0,0.0,0.0,0.0,0.0,3638.0,25.908862381763004,2.920643054157237,0.0208000381958251,2.196960974425813,0.0,2.064101450832177e-13,1.848820366594992,812.5488,0.0
delay,0.0,0.0,0.0,0.0,0.0,0.0,0.0,0.0,0.0,0.0,0.0,0.0,0.0,0.0,0.0,0.0,0.0,0.0,0.0,0.0,0.0,0.0,0.0,2059.4511999999995
missingTrace,7530440.0,0.0,0.0,0.0,0.0,0.0,0.0,0.0,0.0,0.0,0.0,0.0,0.0,0.0,0.0,0.0,0.0,0.0,0.0,0.0,0.0,0.0,0.0,0.0
downloadedSegment,7530440.0,6000.0,4365.912,310.67731463017503,2.1933292879495205,294656.0,2080.2215167830063,424.93936,141.64645333333334,0.0,0.0,0.0,0.0,0.0,3638.0,25.68366460569809,2.920643054157237,0.020619245914221,2.1933292879495205,0.0,2.113614447782157e-13,1.8464138370109549,1506.0880000000002,0.0
delay,0.0,0.0,0.0,0.0,0.0,0.0,0.0,0.0,0.0,0.0,0.0,0.0,0.0,0.0,0.0,0.0,0.0,0.0,0.0,0.0,0.0,0.0,0.0,1365.9120000000005
downloadedSegment,7367864.0,6000.0,4398.4272,312.8677529478269,2.193475683433332,296712.0,2080.2097718629434,427.9068448,142.63561493333333,0.0,0.0,0.0,0.0,0.0,3638.0,25.50555134284218,2.920643054157237,0.0204762538130628,2.193475683433332,0.0,2.1624349552643051e-13,1.8473856053933784,1473.5728,0.0
delay,0.0,0.0,0.0,0.0,0.0,0.0,0.0,0.0,0.0,0.0,0.0,0.0,0.0,0.0,0.0,0.0,0.0,0.0,0.0,0.0,0.0,0.0,0.0,1398.4272
missingTrace,3739928.0,0.0,0.0,0.0,0.0,0.0,0.0,0.0,0.0,0.0,0.0,0.0,0.0,0.0,0.0,0.0,0.0,0.0,0.0,0.0,0.0,0.0,0.0,0.0
downloadedSegment,3739928.0,6000.0,5124.0144,315.05819126547874,2.197154239284172,298768.0,2083.549629754953,430.1812576,143.39375253333333,0.0,0.0,0.0,0.0,0.0,3638.0,25.37070085500629,2.920643054157237,0.020367993741417,2.197154239284172,0.0,2.1474180458527482e-13,1.8515184758134209,747.9856,0.0
delay,0.0,0.0,0.0,0.0,0.0,0.0,0.0,0.0,0.0,0.0,0.0,0.0,0.0,0.0,0.0,0.0,0.0,0.0,0.0,0.0,0.0,0.0,0.0,2124.0144
downloadedSegment,7124072.0,6000.0,4447.1856,317.2486295831306,2.193680188484305,300824.0,2080.108745899821,433.8580864,144.6193621333333,0.0,0.0,0.0,0.0,0.0,3638.0,25.15569109374102,2.920643054157237,0.0201953805567509,2.193680188484305,0.0,2.132608266226176e-13,1.849229837513204,1424.8144000000002,0.0
delay,0.0,0.0,0.0,0.0,0.0,0.0,0.0,0.0,0.0,0.0,0.0,0.0,0.0,0.0,0.0,0.0,0.0,0.0,0.0,0.0,0.0,0.0,0.0,1447.1855999999998
missingTrace,5351456.0,0.0,0.0,0.0,0.0,0.0,0.0,0.0,0.0,0.0,0.0,0.0,0.0,0.0,0.0,0.0,0.0,0.0,0.0,0.0,0.0,0.0,0.0,0.0
downloadedSegment,5351456.0,6000.0,4801.7088,319.43906790078245,2.195439589718216,302880.0,2081.6324919292206,436.5035632,145.50118773333332,0.0,0.0,0.0,0.0,0.0,3638.0,25.0032323218387,2.920643054157237,0.0200729842804447,2.195439589718216,0.0,2.1802955179488e-13,1.8516249003844945,1070.2912,0.0
delay,0.0,0.0,0.0,0.0,0.0,0.0,0.0,0.0,0.0,0.0,0.0,0.0,0.0,0.0,0.0,0.0,0.0,0.0,0.0,0.0,0.0,0.0,0.0,1801.7088000000003
missingTrace,7450832.0,0.0,0.0,0.0,0.0,0.0,0.0,0.0,0.0,0.0,0.0,0.0,0.0,0.0,0.0,0.0,0.0,0.0,0.0,0.0,0.0,0.0,0.0,0.0
downloadedSegment,7450832.0,6000.0,4381.8336,321.6295062184343,2.193310095421601,304936.0,2079.470926411999,439.9234384,146.64114613333334,0.0,0.0,0.0,0.0,0.0,3638.0,24.8088622867974,2.920643054157237,0.0199169409894112,2.193310095421601,0.0,2.1654635756498285e-13,1.850525405297661,1490.1664,0.0
delay,0.0,0.0,0.0,0.0,0.0,0.0,0.0,0.0,0.0,0.0,0.0,0.0,0.0,0.0,0.0,0.0,0.0,0.0,0.0,0.0,0.0,0.0,0.0,1381.8336
downloadedSegment,5241440.0,6000.0,4823.712,323.8199445360861,2.1954809452585065,306992.0,2081.388431192477,442.48156,147.49385333333333,0.0,0.0,0.0,0.0,0.0,3638.0,24.66543464545732,2.920643054157237,0.0198017950453612,2.1954809452585065,0.0,2.089379720289159e-13,1.853273514818192,1048.288,0.0
delay,0.0,0.0,0.0,0.0,0.0,0.0,0.0,0.0,0.0,0.0,0.0,0.0,0.0,0.0,0.0,0.0,0.0,0.0,0.0,0.0,0.0,0.0,0.0,1823.7119999999995
missingTrace,5540128.0,0.0,0.0,0.0,0.0,0.0,0.0,0.0,0.0,0.0,0.0,0.0,0.0,0.0,0.0,0.0,0.0,0.0,0.0,0.0,0.0,0.0,0.0,0.0
downloadedSegment,5540128.0,6000.0,4763.9744,326.010382853738,2.195152624076781,309048.0,2080.93841130834,445.5412976,148.51376586666666,0.0,0.0,0.0,0.0,0.0,3638.0,24.49604572862384,2.920643054157237,0.0196658069850531,2.195152624076781,0.0,2.136396950473321e-13,1.8537746498638896,1108.0256000000002,0.0
delay,0.0,0.0,0.0,0.0,0.0,0.0,0.0,0.0,0.0,0.0,0.0,0.0,0.0,0.0,0.0,0.0,0.0,0.0,0.0,0.0,0.0,0.0,0.0,1763.9744
downloadedSegment,6844824.0,6000.0,4503.035199999999,328.20082117138986,2.193844822464506,311104.0,2079.561828066183,448.8022368,149.6007456,0.0,0.0,0.0,0.0,0.0,3638.0,24.31806061800804,2.920643054157237,0.019522917766509,2.193844822464506,0.0,2.1827872842550282e-13,1.853389641410219,1368.9648000000002,0.0
delay,0.0,0.0,0.0,0.0,0.0,0.0,0.0,0.0,0.0,0.0,0.0,0.0,0.0,0.0,0.0,0.0,0.0,0.0,0.0,0.0,0.0,0.0,0.0,1503.0351999999991
downloadedSegment,5390856.0,6000.0,4793.8288,330.3912594890417,2.1952351228185334,313160.0,2080.744606031726,451.5114432,150.50381439999998,0.0,0.0,0.0,0.0,0.0,3638.0,24.172144835685977,2.920643054157237,0.0194057743041311,2.1952351228185334,0.0,2.168331739326186e-13,1.855415695764944,1078.1712,0.0
delay,0.0,0.0,0.0,0.0,0.0,0.0,0.0,0.0,0.0,0.0,0.0,0.0,0.0,0.0,0.0,0.0,0.0,0.0,0.0,0.0,0.0,0.0,0.0,1793.8288000000002
downloadedSegment,7501656.0,6000.0,4371.6688,332.5816978066936,2.1931664014307763,315216.0,2078.65058405956,454.9336032,151.6445344,0.0,0.0,0.0,0.0,0.0,3638.0,23.990314022158387,2.920643054157237,0.0192597976954007,2.1931664014307763,0.0,2.0942312211876642e-13,1.8543341394087165,1500.3312,0.0
delay,0.0,0.0,0.0,0.0,0.0,0.0,0.0,0.0,0.0,0.0,0.0,0.0,0.0,0.0,0.0,0.0,0.0,0.0,0.0,0.0,0.0,0.0,0.0,1371.6687999999997
missingTrace,5401824.0,0.0,0.0,0.0,0.0,0.0,0.0,0.0,0.0,0.0,0.0,0.0,0.0,0.0,0.0,0.0,0.0,0.0,0.0,0.0,0.0,0.0,0.0,0.0
downloadedSegment,5401824.0,6000.0,4791.6352,334.7721361243454,2.195161690474526,317272.0,2080.4101199197307,457.5136368,152.5045456,0.0,0.0,0.0,0.0,0.0,3638.0,23.85502665305473,2.920643054157237,0.0191511868886696,2.195161690474526,0.0,2.0805434354282666e-13,1.8568875901607207,1080.3648,0.0
delay,0.0,0.0,0.0,0.0,0.0,0.0,0.0,0.0,0.0,0.0,0.0,0.0,0.0,0.0,0.0,0.0,0.0,0.0,0.0,0.0,0.0,0.0,0.0,1791.6351999999997
downloadedSegment,10064216.0,6000.0,3859.1568,336.9625744419973,2.1906950563184453,319328.0,2076.047383311029,461.4461152,153.81537173333334,0.0,0.0,0.0,0.0,0.0,3638.0,23.651732326903765,2.920643054157237,0.0189879790377563,2.1906950563184453,0.0,2.1260915106380133e-13,1.8536421421111289,2012.8432000000005,0.0
delay,0.0,0.0,0.0,0.0,0.0,0.0,0.0,0.0,0.0,0.0,0.0,0.0,0.0,0.0,0.0,0.0,0.0,0.0,0.0,0.0,0.0,0.0,0.0,859.1567999999997
missingTrace,2805192.0,0.0,0.0,0.0,0.0,0.0,0.0,0.0,0.0,0.0,0.0,0.0,0.0,0.0,0.0,0.0,0.0,0.0,0.0,0.0,0.0,0.0,0.0,0.0
downloadedSegment,2805192.0,6000.0,5310.9616,339.1530127596492,2.1975627246907683,321384.0,2082.42731788006,462.9943104,154.3314368,0.0,0.0,0.0,0.0,0.0,3638.0,23.572643885344814,2.920643054157237,0.0189244856052376,2.1975627246907683,0.0,2.1123747912145426e-13,1.8605472280469344,561.0384,0.0
delay,0.0,0.0,0.0,0.0,0.0,0.0,0.0,0.0,0.0,0.0,0.0,0.0,0.0,0.0,0.0,0.0,0.0,0.0,0.0,0.0,0.0,0.0,0.0,2310.9615999999987
delay,0.0,0.0,0.0,0.0,0.0,0.0,0.0,0.0,0.0,0.0,0.0,0.0,0.0,0.0,0.0,0.0,0.0,0.0,0.0,0.0,0.0,0.0,0.0,1.8189894035458565e-12
downloadedSegment,5716240.0,6000.0,4728.752,341.343451077301,2.194774724694468,323440.0,2079.658873532684,466.57652,155.52550666666667,0.0,0.0,0.0,0.0,0.0,3638.0,23.39166145780332,2.920643054157237,0.0187791900939886,2.194774724694468,0.0,2.098833927168297e-13,1.8587960430305823,1143.248,0.0
delay,0.0,0.0,0.0,0.0,0.0,0.0,0.0,0.0,0.0,0.0,0.0,0.0,0.0,0.0,0.0,0.0,0.0,0.0,0.0,0.0,0.0,0.0,0.0,1728.7519999999995
missingTrace,5871536.0,0.0,0.0,0.0,0.0,0.0,0.0,0.0,0.0,0.0,0.0,0.0,0.0,0.0,0.0,0.0,0.0,0.0,0.0,0.0,0.0,0.0,0.0,0.0
downloadedSegment,5871536.0,6000.0,4697.6928,343.53388939495284,2.1946018629864112,325496.0,2079.3701874733288,469.6075792,156.53585973333333,0.0,0.0,0.0,0.0,0.0,3638.0,23.24068112059125,2.920643054157237,0.0186579807280753,2.1946018629864112,0.0,2.14339515704448e-13,1.8593798867379856,1174.3072000000002,0.0
delay,0.0,0.0,0.0,0.0,0.0,0.0,0.0,0.0,0.0,0.0,0.0,0.0,0.0,0.0,0.0,0.0,0.0,0.0,0.0,0.0,0.0,0.0,0.0,1697.6927999999998
missingTrace,6416816.0,0.0,0.0,0.0,0.0,0.0,0.0,0.0,0.0,0.0,0.0,0.0,0.0,0.0,0.0,0.0,0.0,0.0,0.0,0.0,0.0,0.0,0.0,0.0
downloadedSegment,6416816.0,6000.0,4588.6368,345.7243277126047,2.194069143978824,327552.0,2078.7421614309205,472.7166352,157.57221173333335,0.0,0.0,0.0,0.0,0.0,3638.0,23.087827225251832,2.920643054157237,0.0185352672405206,2.194069143978824,0.0,2.1298293649112881e-13,1.8596344800701536,1283.3632,0.0
delay,0.0,0.0,0.0,0.0,0.0,0.0,0.0,0.0,0.0,0.0,0.0,0.0,0.0,0.0,0.0,0.0,0.0,0.0,0.0,0.0,0.0,0.0,0.0,1588.6368000000002
downloadedSegment,7179968.0,6000.0,4436.0064,347.91476603025654,2.193342528172657,329608.0,2077.932052941559,475.8692656,158.62308853333332,0.0,0.0,0.0,0.0,0.0,3638.0,22.93487053894745,2.920643054157237,0.0184124712307785,2.193342528172657,0.0,2.1164342116728522e-13,1.8597083633336848,1435.9936,0.0
delay,0.0,0.0,0.0,0.0,0.0,0.0,0.0,0.0,0.0,0.0,0.0,0.0,0.0,0.0,0.0,0.0,0.0,0.0,0.0,0.0,0.0,0.0,0.0,1436.0064000000002
missingTrace,5283128.0,0.0,0.0,0.0,0.0,0.0,0.0,0.0,0.0,0.0,0.0,0.0,0.0,0.0,0.0,0.0,0.0,0.0,0.0,0.0,0.0,0.0,0.0,0.0
downloadedSegment,5283128.0,6000.0,4815.3744,350.1052043479084,2.195063298748577,331664.0,2079.442021640709,478.4898976,159.49663253333335,0.0,0.0,0.0,0.0,0.0,3638.0,22.809258993224766,2.920643054157237,0.0183116283257381,2.195063298748577,0.0,2.1032064978498961e-13,1.8619686653043264,1056.6256,0.0
delay,0.0,0.0,0.0,0.0,0.0,0.0,0.0,0.0,0.0,0.0,0.0,0.0,0.0,0.0,0.0,0.0,0.0,0.0,0.0,0.0,0.0,0.0,0.0,1815.3744
missingTrace,10577000.0,0.0,0.0,0.0,0.0,0.0,0.0,0.0,0.0,0.0,0.0,0.0,0.0,0.0,0.0,0.0,0.0,0.0,0.0,0.0,0.0,0.0,0.0,0.0
downloadedSegment,10577000.0,6000.0,3756.6,352.29564266556025,2.190218291589622,333720.0,2074.733717223866,482.548672,160.84955733333334,0.0,0.0,0.0,0.0,0.0,3638.0,22.61740759696879,2.920643054157237,0.018157607037144,2.190218291589622,0.0,2.090143103453313e-13,1.8583400303144084,2115.4,0.0
delay,0.0,0.0,0.0,0.0,0.0,0.0,0.0,0.0,0.0,0.0,0.0,0.0,0.0,0.0,0.0,0.0,0.0,0.0,0.0,0.0,0.0,0.0,0.0,756.5999999999995
downloadedSegment,3781424.0,6000.0,5115.7152,354.4860809832121,2.196367575496697,335776.0,2080.441401209502,484.1895568000001,161.39651893333334,0.0,0.0,0.0,0.0,0.0,3638.0,22.54075877251552,2.920643054157237,0.0180960721672295,2.196367575496697,0.0,2.0772409855307614e-13,1.8645532165843408,756.2848,0.0
delay,0.0,0.0,0.0,0.0,0.0,0.0,0.0,0.0,0.0,0.0,0.0,0.0,0.0,0.0,0.0,0.0,0.0,0.0,0.0,0.0,0.0,0.0,0.0,2115.7152
missingTrace,6083544.0,0.0,0.0,0.0,0.0,0.0,0.0,0.0,0.0,0.0,0.0,0.0,0.0,0.0,0.0,0.0,0.0,0.0,0.0,0.0,0.0,0.0,0.0,0.0
downloadedSegment,6083544.0,6000.0,4655.291200000001,356.676519300864,2.19425735677706,337832.0,2078.3267505462395,487.6499808,162.5499936,0.0,0.0,0.0,0.0,0.0,3638.0,22.38080678706345,2.920643054157237,0.0179676602223947,2.19425735677706,0.0,2.06449717580358e-13,1.863364828435773,1216.7088,0.0
delay,0.0,0.0,0.0,0.0,0.0,0.0,0.0,0.0,0.0,0.0,0.0,0.0,0.0,0.0,0.0,0.0,0.0,0.0,0.0,0.0,0.0,0.0,0.0,1655.2912000000006
downloadedSegment,3985368.0,6000.0,5074.9264,358.8669576185158,2.1961122613449806,339888.0,2079.9691597059714,490.2303456,163.4101152,0.0,0.0,0.0,0.0,0.0,3638.0,22.263003704191743,2.920643054157237,0.0178730860729314,2.1961122613449806,0.0,2.0519087783901425e-13,1.865721301056652,797.0735999999999,0.0
delay,0.0,0.0,0.0,0.0,0.0,0.0,0.0,0.0,0.0,0.0,0.0,0.0,0.0,0.0,0.0,0.0,0.0,0.0,0.0,0.0,0.0,0.0,0.0,2074.9264000000003
missingTrace,7965376.0,0.0,0.0,0.0,0.0,0.0,0.0,0.0,0.0,0.0,0.0,0.0,0.0,0.0,0.0,0.0,0.0,0.0,0.0,0.0,0.0,0.0,0.0,0.0
downloadedSegment,7965376.0,6000.0,4278.9248,361.05739593616767,2.192539312827368,341944.0,2076.472248523024,494.0263472,164.6754490666667,0.0,0.0,0.0,0.0,0.0,3638.0,22.09193914830136,2.920643054157237,0.0177357527834938,2.192539312827368,0.0,2.039472967612021e-13,1.863210437333584,1593.0752,0.0
delay,0.0,0.0,0.0,0.0,0.0,0.0,0.0,0.0,0.0,0.0,0.0,0.0,0.0,0.0,0.0,0.0,0.0,0.0,0.0,0.0,0.0,0.0,0.0,1278.9247999999998
downloadedSegment,4831360.0,6000.0,4905.727999999999,363.2478342538195,2.1952951325867027,344000.0,2078.9704835022976,496.399544,165.46651466666663,0.0,0.0,0.0,0.0,0.0,3638.0,21.986321566806275,2.920643054157237,0.0176509613442991,2.1952951325867027,0.0,2.0819758233356185e-13,1.8663605793248776,966.2720000000002,0.0
delay,0.0,0.0,0.0,0.0,0.0,0.0,0.0,0.0,0.0,0.0,0.0,0.0,0.0,0.0,0.0,0.0,0.0,0.0,0.0,0.0,0.0,0.0,0.0,1905.7279999999992
downloadedSegment,5559912.0,6000.0,4760.0176,365.4382725714714,2.1946256281249026,346056.0,2078.226128375368,499.5452544,166.51508479999998,0.0,0.0,0.0,0.0,0.0,3638.0,21.84787044590929,2.920643054157237,0.0175398106283595,2.1946256281249026,0.0,2.069508902237801e-13,1.866438837176424,1111.9824,0.0
delay,0.0,0.0,0.0,0.0,0.0,0.0,0.0,0.0,0.0,0.0,0.0,0.0,0.0,0.0,0.0,0.0,0.0,0.0,0.0,0.0,0.0,0.0,0.0,1760.0176
downloadedSegment,6113872.0,6000.0,4649.2256,367.6287108891232,2.194116912680531,348112.0,2077.635407908624,502.6560464,167.55201546666666,0.0,0.0,0.0,0.0,0.0,3638.0,21.71266033337424,2.920643054157237,0.0174312618444048,2.194116912680531,0.0,2.0571903968673374e-13,1.8666549023435208,1222.7744,0.0
delay,0.0,0.0,0.0,0.0,0.0,0.0,0.0,0.0,0.0,0.0,0.0,0.0,0.0,0.0,0.0,0.0,0.0,0.0,0.0,0.0,0.0,0.0,0.0,1649.2255999999998
missingTrace,6648664.0,0.0,0.0,0.0,0.0,0.0,0.0,0.0,0.0,0.0,0.0,0.0,0.0,0.0,0.0,0.0,0.0,0.0,0.0,0.0,0.0,0.0,0.0,0.0
downloadedSegment,6648664.0,6000.0,4542.2672,369.8191492067751,2.1936310823268923,350168.0,2077.0676977755884,505.7630048,168.58766826666667,0.0,0.0,0.0,0.0,0.0,3638.0,21.579277045611224,2.920643054157237,0.017324179663826,2.1936310823268923,0.0,2.0450176726255202e-13,1.86688546183551,1329.7328,0.0
delay,0.0,0.0,0.0,0.0,0.0,0.0,0.0,0.0,0.0,0.0,0.0,0.0,0.0,0.0,0.0,0.0,0.0,0.0,0.0,0.0,0.0,0.0,0.0,1542.2672000000002
downloadedSegment,5789760.0,6000.0,4714.048,372.0095875244269,2.1943531659785007,352224.0,2077.644973284085,508.591224,169.530408,0.0,0.0,0.0,0.0,0.0,3638.0,21.45927708732937,2.920643054157237,0.0172278418285717,2.1943531659785007,0.0,2.0329881569041931e-13,1.868192032008652,1157.952,0.0
delay,0.0,0.0,0.0,0.0,0.0,0.0,0.0,0.0,0.0,0.0,0.0,0.0,0.0,0.0,0.0,0.0,0.0,0.0,0.0,0.0,0.0,0.0,0.0,1714.0479999999998
missingTrace,6303568.0,0.0,0.0,0.0,0.0,0.0,0.0,0.0,0.0,0.0,0.0,0.0,0.0,0.0,0.0,0.0,0.0,0.0,0.0,0.0,0.0,0.0,0.0,0.0
downloadedSegment,6303568.0,6000.0,4611.2864,374.2000258420788,2.193889529910934,354280.0,2077.1008257088256,511.6939856,170.56466186666668,0.0,0.0,0.0,0.0,0.0,3638.0,21.329154352288324,2.920643054157237,0.0171233772704943,2.193889529910934,0.0,2.0210993372731737e-13,1.8684318292201365,1260.7136,0.0
delay,0.0,0.0,0.0,0.0,0.0,0.0,0.0,0.0,0.0,0.0,0.0,0.0,0.0,0.0,0.0,0.0,0.0,0.0,0.0,0.0,0.0,0.0,0.0,1611.2864
downloadedSegment,6246472.0,6000.0,4622.7056,376.3904641597306,2.1939180889247853,356336.0,2077.02391685284,514.6825664,171.56085546666668,0.0,0.0,0.0,0.0,0.0,3638.0,21.205303448179897,2.920643054157237,0.0170239478359601,2.1939180889247853,0.0,2.0093487597308885e-13,1.869106700496468,1249.2944,0.0
delay,0.0,0.0,0.0,0.0,0.0,0.0,0.0,0.0,0.0,0.0,0.0,0.0,0.0,0.0,0.0,0.0,0.0,0.0,0.0,0.0,0.0,0.0,0.0,1622.7056000000002
missingTrace,6061128.0,0.0,0.0,0.0,0.0,0.0,0.0,0.0,0.0,0.0,0.0,0.0,0.0,0.0,0.0,0.0,0.0,0.0,0.0,0.0,0.0,0.0,0.0,0.0
downloadedSegment,6061128.0,6000.0,4659.7744,378.5809024773825,2.1940550293547987,358392.0,2077.050809839788,517.6454976,172.5484992,0.0,0.0,0.0,0.0,0.0,3638.0,21.083927225488143,2.920643054157237,0.0169265051142052,2.1940550293547987,0.0,1.9977340270156805e-13,1.8698733910902767,1212.2256,0.0
delay,0.0,0.0,0.0,0.0,0.0,0.0,0.0,0.0,0.0,0.0,0.0,0.0,0.0,0.0,0.0,0.0,0.0,0.0,0.0,0.0,0.0,0.0,0.0,1659.7744000000002
missingTrace,6377264.0,0.0,0.0,0.0,0.0,0.0,0.0,0.0,0.0,0.0,0.0,0.0,0.0,0.0,0.0,0.0,0.0,0.0,0.0,0.0,0.0,0.0,0.0,0.0
downloadedSegment,6377264.0,6000.0,4596.547199999999,380.7713407950344,2.1937677783752454,360448.0,2076.6773216933043,520.7087248,173.56957493333334,0.0,0.0,0.0,0.0,0.0,3638.0,20.959894620916863,2.920643054157237,0.0168269298077098,2.1937677783752454,0.0,1.9862527969753609e-13,1.8702551455071184,1275.4528,0.0
delay,0.0,0.0,0.0,0.0,0.0,0.0,0.0,0.0,0.0,0.0,0.0,0.0,0.0,0.0,0.0,0.0,0.0,0.0,0.0,0.0,0.0,0.0,0.0,1596.547199999999
downloadedSegment,5814208.0,6000.0,4709.1584,382.9617791126862,2.194220521307664,362504.0,2077.005485244687,523.5961136,174.53203786666666,0.0,0.0,0.0,0.0,0.0,3638.0,20.84431056021498,2.920643054157237,0.016734137123801,2.194220521307664,0.0,2.02687390680824e-13,1.871294158048364,1162.8416000000002,0.0
delay,0.0,0.0,0.0,0.0,0.0,0.0,0.0,0.0,0.0,0.0,0.0,0.0,0.0,0.0,0.0,0.0,0.0,0.0,0.0,0.0,0.0,0.0,0.0,1709.1584000000005
missingTrace,6414072.0,0.0,0.0,0.0,0.0,0.0,0.0,0.0,0.0,0.0,0.0,0.0,0.0,0.0,0.0,0.0,0.0,0.0,0.0,0.0,0.0,0.0,0.0,0.0
downloadedSegment,6414072.0,6000.0,4589.1856,385.15221743033806,2.1936991903709098,364560.0,2076.412754877273,526.7160864,175.5720288,0.0,0.0,0.0,0.0,0.0,3638.0,20.7208404713724,2.920643054157237,0.0166350134136926,2.1936991903709098,0.0,2.0670334131202921e-13,1.871456315131524,1282.8144000000002,0.0
delay,0.0,0.0,0.0,0.0,0.0,0.0,0.0,0.0,0.0,0.0,0.0,0.0,0.0,0.0,0.0,0.0,0.0,0.0,0.0,0.0,0.0,0.0,0.0,1589.1855999999998
downloadedSegment,6724472.0,6000.0,4527.1056,387.3426557479899,2.1934236647393286,366616.0,2076.053846223588,529.7781664,176.59272213333333,0.0,0.0,0.0,0.0,0.0,3638.0,20.601075491962742,2.920643054157237,0.0165388642231363,2.1934236647393286,0.0,2.1067391397000045e-13,1.8718331387805245,1344.8944,0.0
delay,0.0,0.0,0.0,0.0,0.0,0.0,0.0,0.0,0.0,0.0,0.0,0.0,0.0,0.0,0.0,0.0,0.0,0.0,0.0,0.0,0.0,0.0,0.0,1527.1056
missingTrace,5547848.0,0.0,0.0,0.0,0.0,0.0,0.0,0.0,0.0,0.0,0.0,0.0,0.0,0.0,0.0,0.0,0.0,0.0,0.0,0.0,0.0,0.0,0.0,0.0
downloadedSegment,5547848.0,6000.0,4762.4304,389.53309406564176,2.19437609692757,368672.0,2076.858261162664,532.5428416000001,177.5142805333333,0.0,0.0,0.0,0.0,0.0,3638.0,20.49412581945408,2.920643054157237,0.0164530033605313,2.19437609692757,0.0,2.04380831859085e-13,1.873304207807632,1109.5696,0.0
delay,0.0,0.0,0.0,0.0,0.0,0.0,0.0,0.0,0.0,0.0,0.0,0.0,0.0,0.0,0.0,0.0,0.0,0.0,0.0,0.0,0.0,0.0,0.0,1762.4304000000002
downloadedSegment,5767064.0,6000.0,4718.5872,391.7235323832936,2.1941744081795376,370728.0,2076.571415167489,535.5866848000001,178.52889493333336,0.0,0.0,0.0,0.0,0.0,3638.0,20.37765372019196,2.920643054157237,0.016359497745437,2.1941744081795376,0.0,1.9815806351477212e-13,1.873737971849104,1153.4128,0.0
delay,0.0,0.0,0.0,0.0,0.0,0.0,0.0,0.0,0.0,0.0,0.0,0.0,0.0,0.0,0.0,0.0,0.0,0.0,0.0,0.0,0.0,0.0,0.0,1718.5872
missingTrace,6532920.0,0.0,0.0,0.0,0.0,0.0,0.0,0.0,0.0,0.0,0.0,0.0,0.0,0.0,0.0,0.0,0.0,0.0,0.0,0.0,0.0,0.0,0.0,0.0
downloadedSegment,6532920.0,6000.0,4565.415999999999,393.9139707009455,2.193529769408477,372784.0,2075.8664642030863,538.739856,179.57995200000002,0.0,0.0,0.0,0.0,0.0,3638.0,20.25838608086943,2.920643054157237,0.0162637478272476,2.193529769408477,0.0,1.970571853841345e-13,1.873770250373395,1306.584,0.0
delay,0.0,0.0,0.0,0.0,0.0,0.0,0.0,0.0,0.0,0.0,0.0,0.0,0.0,0.0,0.0,0.0,0.0,0.0,0.0,0.0,0.0,0.0,0.0,1565.4159999999993
downloadedSegment,6244736.0,6000.0,4623.0528,396.1044090185973,2.193746046918041,374840.0,2075.9773168496868,541.6822192000001,180.5607397333333,0.0,0.0,0.0,0.0,0.0,3638.0,20.148344570214388,2.920643054157237,0.0161754047888299,2.193746046918041,0.0,1.9596847165273042e-13,1.8745679436260367,1248.9472,0.0
delay,0.0,0.0,0.0,0.0,0.0,0.0,0.0,0.0,0.0,0.0,0.0,0.0,0.0,0.0,0.0,0.0,0.0,0.0,0.0,0.0,0.0,0.0,0.0,1623.0528000000004
missingTrace,6160944.0,0.0,0.0,0.0,0.0,0.0,0.0,0.0,0.0,0.0,0.0,0.0,0.0,0.0,0.0,0.0,0.0,0.0,0.0,0.0,0.0,0.0,0.0,0.0
downloadedSegment,6160944.0,6000.0,4639.8112,398.2948473362492,2.193795325765124,376896.0,2075.931156602541,544.6654608,181.5551536,0.0,0.0,0.0,0.0,0.0,3638.0,20.03798805962399,2.920643054157237,0.0160868088635586,2.193795325765124,0.0,1.998889454445996e-13,1.875211665699664,1232.1888,0.0
delay,0.0,0.0,0.0,0.0,0.0,0.0,0.0,0.0,0.0,0.0,0.0,0.0,0.0,0.0,0.0,0.0,0.0,0.0,0.0,0.0,0.0,0.0,0.0,1639.8112
missingTrace,6177288.0,0.0,0.0,0.0,0.0,0.0,0.0,0.0,0.0,0.0,0.0,0.0,0.0,0.0,0.0,0.0,0.0,0.0,0.0,0.0,0.0,0.0,0.0,0.0
downloadedSegment,6177288.0,6000.0,4636.542399999999,400.485285653901,2.193763843042871,378952.0,2075.8095880886312,547.6687296,182.5562432,0.0,0.0,0.0,0.0,0.0,3638.0,19.92810509369641,2.920643054157237,0.0159985931073171,2.193763843042871,0.0,2.0376657252836095e-13,1.875778537565068,1235.4576000000002,0.0
delay,0.0,0.0,0.0,0.0,0.0,0.0,0.0,0.0,0.0,0.0,0.0,0.0,0.0,0.0,0.0,0.0,0.0,0.0,0.0,0.0,0.0,0.0,0.0,1636.5423999999994
downloadedSegment,6611760.0,6000.0,4549.648,402.6757239715529,2.1933996118660763,381008.0,2075.374177204952,550.7556239999999,183.585208,0.0,0.0,0.0,0.0,0.0,3638.0,19.816411352705497,2.920643054157237,0.0159089236326558,2.1933996118660763,0.0,2.026591455037503e-13,1.8760430218087183,1322.352,0.0
delay,0.0,0.0,0.0,0.0,0.0,0.0,0.0,0.0,0.0,0.0,0.0,0.0,0.0,0.0,0.0,0.0,0.0,0.0,0.0,0.0,0.0,0.0,0.0,1549.648
missingTrace,5654096.0,0.0,0.0,0.0,0.0,0.0,0.0,0.0,0.0,0.0,0.0,0.0,0.0,0.0,0.0,0.0,0.0,0.0,0.0,0.0,0.0,0.0,0.0,0.0
downloadedSegment,5654096.0,6000.0,4741.1808,404.8661622892048,2.194142478126865,383064.0,2075.9872583295914,553.5640912,184.5213637333333,0.0,0.0,0.0,0.0,0.0,3638.0,19.715874229379565,2.920643054157237,0.0158282108643966,2.194142478126865,0.0,2.0156369066318946e-13,1.8772935691376644,1130.8192,0.0
delay,0.0,0.0,0.0,0.0,0.0,0.0,0.0,0.0,0.0,0.0,0.0,0.0,0.0,0.0,0.0,0.0,0.0,0.0,0.0,0.0,0.0,0.0,0.0,1741.1808
downloadedSegment,5852216.0,6000.0,4701.556799999999,407.0566006068566,2.193966314762697,385120.0,2075.731743157434,556.6037152,185.5345717333333,0.0,0.0,0.0,0.0,0.0,3638.0,19.608205446631555,2.920643054157237,0.0157417726888929,2.193966314762697,0.0,2.0536977136808054e-13,1.877717796876128,1170.4432000000002,0.0
delay,0.0,0.0,0.0,0.0,0.0,0.0,0.0,0.0,0.0,0.0,0.0,0.0,0.0,0.0,0.0,0.0,0.0,0.0,0.0,0.0,0.0,0.0,0.0,1701.5567999999994
missingTrace,6366976.0,0.0,0.0,0.0,0.0,0.0,0.0,0.0,0.0,0.0,0.0,0.0,0.0,0.0,0.0,0.0,0.0,0.0,0.0,0.0,0.0,0.0,0.0,0.0
downloadedSegment,6366976.0,6000.0,4598.6048,409.2470389245085,2.193543848450918,387176.0,2075.244173543052,559.7066672,186.56888906666669,0.0,0.0,0.0,0.0,0.0,3638.0,19.49949971937729,2.920643054157237,0.0156545020381913,2.193543848450918,0.0,2.091351453274648e-13,1.8779170976987904,1273.3952000000002,0.0
delay,0.0,0.0,0.0,0.0,0.0,0.0,0.0,0.0,0.0,0.0,0.0,0.0,0.0,0.0,0.0,0.0,0.0,0.0,0.0,0.0,0.0,0.0,0.0,1598.6048
downloadedSegment,6319784.0,6000.0,4608.0432,411.4374772421603,2.193564084825436,389232.0,2075.1763830261107,562.6972288000001,187.56574293333333,0.0,0.0,0.0,0.0,0.0,3638.0,19.39586591402812,2.920643054157237,0.0155713032053796,2.193564084825436,0.0,2.0802272434168042e-13,1.8785079099623256,1263.9568000000002,0.0
delay,0.0,0.0,0.0,0.0,0.0,0.0,0.0,0.0,0.0,0.0,0.0,0.0,0.0,0.0,0.0,0.0,0.0,0.0,0.0,0.0,0.0,0.0,0.0,1608.0432
missingTrace,6808952.0,0.0,0.0,0.0,0.0,0.0,0.0,0.0,0.0,0.0,0.0,0.0,0.0,0.0,0.0,0.0,0.0,0.0,0.0,0.0,0.0,0.0,0.0,0.0
downloadedSegment,6808952.0,6000.0,4510.209599999999,413.62791555981215,2.193168214328052,391288.0,2074.715878609265,565.7950624,188.5983541333333,0.0,0.0,0.0,0.0,0.0,3638.0,19.289669926960464,2.920643054157237,0.0154860474131838,2.193168214328052,0.0,2.0210993372731735e-13,1.8787221378001333,1361.7904,0.0
delay,0.0,0.0,0.0,0.0,0.0,0.0,0.0,0.0,0.0,0.0,0.0,0.0,0.0,0.0,0.0,0.0,0.0,0.0,0.0,0.0,0.0,0.0,0.0,1510.2095999999992
downloadedSegment,4914480.0,6000.0,4889.103999999999,415.818353877464,2.194615726751094,393344.0,2076.000061982755,568.416168,189.472056,0.0,0.0,0.0,0.0,0.0,3638.0,19.20072055374752,2.920643054157237,0.01541463747117,2.194615726751094,0.0,2.010461972340157e-13,1.880581258829692,982.8960000000002,0.0
delay,0.0,0.0,0.0,0.0,0.0,0.0,0.0,0.0,0.0,0.0,0.0,0.0,0.0,0.0,0.0,0.0,0.0,0.0,0.0,0.0,0.0,0.0,0.0,1889.104
missingTrace,6156880.0,0.0,0.0,0.0,0.0,0.0,0.0,0.0,0.0,0.0,0.0,0.0,0.0,0.0,0.0,0.0,0.0,0.0,0.0,0.0,0.0,0.0,0.0,0.0
downloadedSegment,6156880.0,6000.0,4640.624,418.0087921951159,2.1936398918012987,395400.0,2074.992749945244,571.664648,190.55488266666669,0.0,0.0,0.0,0.0,0.0,3638.0,19.091612605717746,2.920643054157237,0.0153270439113662,2.1936398918012987,0.0,2.047553517080414e-13,1.8802690952894745,1231.3760000000002,0.0
delay,0.0,0.0,0.0,0.0,0.0,0.0,0.0,0.0,0.0,0.0,0.0,0.0,0.0,0.0,0.0,0.0,0.0,0.0,0.0,0.0,0.0,0.0,0.0,1640.6239999999998
missingTrace,7635784.0,0.0,0.0,0.0,0.0,0.0,0.0,0.0,0.0,0.0,0.0,0.0,0.0,0.0,0.0,0.0,0.0,0.0,0.0,0.0,0.0,0.0,0.0,0.0
downloadedSegment,7635784.0,6000.0,4344.8432,420.1992305127677,2.1924946977121484,397456.0,2073.826197897813,574.9604288,191.65347626666667,0.0,0.0,0.0,0.0,0.0,3638.0,18.98217590865968,2.920643054157237,0.0152391864267228,2.1924946977121484,0.0,2.0842586915629602e-13,1.879800540097828,1527.1568000000002,0.0
delay,0.0,0.0,0.0,0.0,0.0,0.0,0.0,0.0,0.0,0.0,0.0,0.0,0.0,0.0,0.0,0.0,0.0,0.0,0.0,0.0,0.0,0.0,0.0,1344.8432000000005
downloadedSegment,5496104.0,6000.0,4772.7792,422.3896688304196,2.1941085952545367,399512.0,2075.2702487599327,577.5324928,192.51083093333327,0.0,0.0,0.0,0.0,0.0,3638.0,18.89763803086925,2.920643054157237,0.015171318101934,2.1941085952545367,0.0,2.0263353459189602e-13,1.8817955094035188,1099.2208,0.0
delay,0.0,0.0,0.0,0.0,0.0,0.0,0.0,0.0,0.0,0.0,0.0,0.0,0.0,0.0,0.0,0.0,0.0,0.0,0.0,0.0,0.0,0.0,0.0,1772.7792
missingTrace,6092504.0,0.0,0.0,0.0,0.0,0.0,0.0,0.0,0.0,0.0,0.0,0.0,0.0,0.0,0.0,0.0,0.0,0.0,0.0,0.0,0.0,0.0,0.0,0.0
downloadedSegment,6092504.0,6000.0,4653.4992,424.5801071480714,2.193638909086637,401568.0,2074.744375946216,580.6517728,193.55059093333327,0.0,0.0,0.0,0.0,0.0,3638.0,18.79611931152964,2.920643054157237,0.0150898172931087,2.193638909086637,0.0,1.969009148168195e-13,1.881923701073129,1218.5008,0.0
delay,0.0,0.0,0.0,0.0,0.0,0.0,0.0,0.0,0.0,0.0,0.0,0.0,0.0,0.0,0.0,0.0,0.0,0.0,0.0,0.0,0.0,0.0,0.0,1653.4992000000002
downloadedSegment,5940848.0,6000.0,4683.8304,426.7705454657233,2.1937364619216035,403624.0,2074.755849751494,583.6214416,194.54048053333327,0.0,0.0,0.0,0.0,0.0,3638.0,18.70047812170717,2.920643054157237,0.01501303505651,2.1937364619216035,0.0,2.005552419294149e-13,1.88255502017822,1188.1696000000002,0.0
delay,0.0,0.0,0.0,0.0,0.0,0.0,0.0,0.0,0.0,0.0,0.0,0.0,0.0,0.0,0.0,0.0,0.0,0.0,0.0,0.0,0.0,0.0,0.0,1683.8303999999998
missingTrace,6455096.0,0.0,0.0,0.0,0.0,0.0,0.0,0.0,0.0,0.0,0.0,0.0,0.0,0.0,0.0,0.0,0.0,0.0,0.0,0.0,0.0,0.0,0.0,0.0
downloadedSegment,6455096.0,6000.0,4580.980799999999,428.9609837833751,2.193335047911726,405680.0,2074.2962550789307,586.7242911999999,195.57476373333333,0.0,0.0,0.0,0.0,0.0,3638.0,18.601581975885303,2.920643054157237,0.0149336396905458,2.193335047911726,0.0,2.04172279989841e-13,1.8827361620385668,1291.0192000000002,0.0
delay,0.0,0.0,0.0,0.0,0.0,0.0,0.0,0.0,0.0,0.0,0.0,0.0,0.0,0.0,0.0,0.0,0.0,0.0,0.0,0.0,0.0,0.0,0.0,1580.9807999999994
downloadedSegment,5797392.0,6000.0,4712.5216,431.151422101027,2.1938096515358394,407736.0,2074.6659438572365,589.5927504,196.5309168,0.0,0.0,0.0,0.0,0.0,3638.0,18.511082425276715,2.920643054157237,0.0148609852419781,2.1938096515358394,0.0,2.077525968516841e-13,1.883696742331857,1159.4784000000002,0.0
delay,0.0,0.0,0.0,0.0,0.0,0.0,0.0,0.0,0.0,0.0,0.0,0.0,0.0,0.0,0.0,0.0,0.0,0.0,0.0,0.0,0.0,0.0,0.0,1712.5216
missingTrace,4872592.0,0.0,0.0,0.0,0.0,0.0,0.0,0.0,0.0,0.0,0.0,0.0,0.0,0.0,0.0,0.0,0.0,0.0,0.0,0.0,0.0,0.0,0.0,0.0
downloadedSegment,4872592.0,6000.0,4897.481599999999,433.3418604186788,2.194477524305083,409792.0,2075.219164774846,592.4077904,197.46926346666663,0.0,0.0,0.0,0.0,0.0,3638.0,18.423120318236787,2.920643054157237,0.0147903678926226,2.194477524305083,0.0,2.0670334131202914e-13,1.8848267257411515,974.5184000000002,0.0
completed,4872592.0,6000.0,0.0,435.5322987363307,2.1874859597907452,411848.0,2068.530210461628,597.305272,199.10175733333332,0.0,0.0,0.0,0.0,0.0,3638.0,18.272063736279897,2.920643054157237,0.01466909731624085,2.1874859597907452,0.0,2.0670334131202911e-13,1.879102254272091,0.0,0.0
